,created_at,id,id_str,full_text,truncated,display_text_range,source,in_reply_to_status_id,in_reply_to_status_id_str,in_reply_to_user_id,in_reply_to_user_id_str,in_reply_to_screen_name,geo,coordinates,place,contributors,is_quote_status,retweet_count,favorite_count,favorited,retweeted,lang,entities.hashtags,entities.symbols,entities.user_mentions,entities.urls,metadata.iso_language_code,metadata.result_type,user.id,user.id_str,user.name,user.screen_name,user.location,user.description,user.url,user.entities.description.urls,user.protected,user.followers_count,user.friends_count,user.listed_count,user.created_at,user.favourites_count,user.utc_offset,user.time_zone,user.geo_enabled,user.verified,user.statuses_count,user.lang,user.contributors_enabled,user.is_translator,user.is_translation_enabled,user.profile_background_color,user.profile_background_image_url,user.profile_background_image_url_https,user.profile_background_tile,user.profile_image_url,user.profile_image_url_https,user.profile_banner_url,user.profile_link_color,user.profile_sidebar_border_color,user.profile_sidebar_fill_color,user.profile_text_color,user.profile_use_background_image,user.has_extended_profile,user.default_profile,user.default_profile_image,user.following,user.follow_request_sent,user.notifications,user.translator_type,user.entities.url.urls,retweeted_status.created_at,retweeted_status.id,retweeted_status.id_str,retweeted_status.full_text,retweeted_status.truncated,retweeted_status.display_text_range,retweeted_status.entities.hashtags,retweeted_status.entities.symbols,retweeted_status.entities.user_mentions,retweeted_status.entities.urls,retweeted_status.metadata.iso_language_code,retweeted_status.metadata.result_type,retweeted_status.source,retweeted_status.in_reply_to_status_id,retweeted_status.in_reply_to_status_id_str,retweeted_status.in_reply_to_user_id,retweeted_status.in_reply_to_user_id_str,retweeted_status.in_reply_to_screen_name,retweeted_status.user.id,retweeted_status.user.id_str,retweeted_status.user.name,retweeted_status.user.screen_name,retweeted_status.user.location,retweeted_status.user.description,retweeted_status.user.url,retweeted_status.user.entities.description.urls,retweeted_status.user.protected,retweeted_status.user.followers_count,retweeted_status.user.friends_count,retweeted_status.user.listed_count,retweeted_status.user.created_at,retweeted_status.user.favourites_count,retweeted_status.user.utc_offset,retweeted_status.user.time_zone,retweeted_status.user.geo_enabled,retweeted_status.user.verified,retweeted_status.user.statuses_count,retweeted_status.user.lang,retweeted_status.user.contributors_enabled,retweeted_status.user.is_translator,retweeted_status.user.is_translation_enabled,retweeted_status.user.profile_background_color,retweeted_status.user.profile_background_image_url,retweeted_status.user.profile_background_image_url_https,retweeted_status.user.profile_background_tile,retweeted_status.user.profile_image_url,retweeted_status.user.profile_image_url_https,retweeted_status.user.profile_banner_url,retweeted_status.user.profile_link_color,retweeted_status.user.profile_sidebar_border_color,retweeted_status.user.profile_sidebar_fill_color,retweeted_status.user.profile_text_color,retweeted_status.user.profile_use_background_image,retweeted_status.user.has_extended_profile,retweeted_status.user.default_profile,retweeted_status.user.default_profile_image,retweeted_status.user.following,retweeted_status.user.follow_request_sent,retweeted_status.user.notifications,retweeted_status.user.translator_type,retweeted_status.geo,retweeted_status.coordinates,retweeted_status.place,retweeted_status.contributors,retweeted_status.is_quote_status,retweeted_status.retweet_count,retweeted_status.favorite_count,retweeted_status.favorited,retweeted_status.retweeted,retweeted_status.lang,place.id,place.url,place.place_type,place.name,place.full_name,place.country_code,place.country,place.contained_within,place.bounding_box.type,place.bounding_box.coordinates,retweeted_status.user.entities.url.urls
1,Sat Jan 25 12:34:43 +0000 2020,1221048754683498497,1221048754683498497,@OSCLeiden @univienna @ScanUnit @OpenSciUtrecht @helenahhartmann interested?,False,"[48, 76]","<a href=""http://twitter.com/download/iphone"" rel=""nofollow"">Twitter for iPhone</a>",1.2209726265055846e+18,1220972626505584645,1.0416328881926103e+18,1041632888192610304,OSCLeiden,,,,,False,0,3,False,False,en,[],[],"[{'screen_name': 'OSCLeiden', 'name': 'Open Science Community Leiden', 'id': 1041632888192610304, 'id_str': '1041632888192610304', 'indices': [0, 10]}, {'screen_name': 'univienna', 'name': 'Universit√§t Wien', 'id': 1156701156, 'id_str': '1156701156', 'indices': [11, 21]}, {'screen_name': 'ScanUnit', 'name': 'SCAN-Unit', 'id': 1085546186872901633, 'id_str': '1085546186872901633', 'indices': [22, 31]}, {'screen_name': 'OpenSciUtrecht', 'name': 'Open Science Community Utrecht', 'id': 961596594725572609, 'id_str': '961596594725572609', 'indices': [32, 47]}, {'screen_name': 'helenahhartmann', 'name': 'Helena Hartmann', 'id': 1086268669368270849, 'id_str': '1086268669368270849', 'indices': [48, 64]}]",[],en,recent,825877183,825877183,Lei Zhang | Âº†Á£ä,lei_zhang_lz,"Vienna, Austria",Postdoc @ScanUnit | PhD @SysNeuroHamburg | co-contributor of the #hBayesDM package | Open Science | Roadie,https://t.co/VF5d4u4tST,[],False,707,2748,4,Sat Sep 15 19:58:40 +0000 2012,3576,,,True,False,886,,False,False,False,000000,http://abs.twimg.com/images/themes/theme1/bg.png,https://abs.twimg.com/images/themes/theme1/bg.png,False,http://pbs.twimg.com/profile_images/1090319179960500225/OieiO3iI_normal.jpg,https://pbs.twimg.com/profile_images/1090319179960500225/OieiO3iI_normal.jpg,,67089A,000000,000000,000000,False,False,False,False,False,False,False,none,"[{'url': 'https://t.co/VF5d4u4tST', 'expanded_url': 'http://lei-zhang.net', 'display_url': 'lei-zhang.net', 'indices': [0, 23]}]",,,,,,,,,,,,,,,,,,,,,,,,,,,,,,,,,,,,,,,,,,,,,,,,,,,,,,,,,,,,,,,,,,,,,,,,,,,,,,,,,
3,Fri Jan 24 11:40:39 +0000 2020,1220672760277618688,1220672760277618688,"@PouyaSep @maripoldata @OceansERC @AliceVadrot @univienna @ERC_Research @SciSq Thank you for the excellent question after my talk, Pouya, and thanks to @AliceVadrot and the @maripoldata maripoldata team for the discussions and the opportunity to share our ongoing work @OceansERC",False,"[79, 279]","<a href=""http://twitter.com/download/iphone"" rel=""nofollow"">Twitter for iPhone</a>",1.2206711483017175e+18,1220671148301717506,77726055.0,77726055,PouyaSep,,,,,False,0,3,False,False,en,[],[],"[{'screen_name': 'PouyaSep', 'name': 'Pouya Sepehr', 'id': 77726055, 'id_str': '77726055', 'indices': [0, 9]}, {'screen_name': 'maripoldata', 'name': 'MARIPOLDATA', 'id': 1055411886894825472, 'id_str': '1055411886894825472', 'indices': [10, 22]}, {'screen_name': 'OceansERC', 'name': 'FluidKnowledge', 'id': 1099247274377560064, 'id_str': '1099247274377560064', 'indices': [23, 33]}, {'screen_name': 'AliceVadrot', 'name': 'Alice Vadrot', 'id': 2311471543, 'id_str': '2311471543', 'indices': [34, 46]}, {'screen_name': 'univienna', 'name': 'Universit√§t Wien', 'id': 1156701156, 'id_str': '1156701156', 'indices': [47, 57]}, {'screen_name': 'ERC_Research', 'name': 'ERC Europe', 'id': 467551928, 'id_str': '467551928', 'indices': [58, 71]}, {'screen_name': 'SciSq', 'name': 'ERC=Science Squared', 'id': 4119951689, 'id_str': '4119951689', 'indices': [72, 78]}, {'screen_name': 'AliceVadrot', 'name': 'Alice Vadrot', 'id': 2311471543, 'id_str': '2311471543', 'indices': [152, 164]}, {'screen_name': 'maripoldata', 'name': 'MARIPOLDATA', 'id': 1055411886894825472, 'id_str': '1055411886894825472', 'indices': [173, 185]}, {'screen_name': 'OceansERC', 'name': 'FluidKnowledge', 'id': 1099247274377560064, 'id_str': '1099247274377560064', 'indices': [269, 279]}]",[],en,recent,42592506,42592506,Sarah de Rijcke,sarahderijcke,Leiden,"Director @cwtsleiden |Co-chair @RoRInstitute |Professor of science, technology & innovation studies @UniLeiden |ERC-project https://t.co/dUgr4T6pZZ",https://t.co/goEesHM5mw,"[{'url': 'https://t.co/dUgr4T6pZZ', 'expanded_url': 'http://fluid-knowledge.com', 'display_url': 'fluid-knowledge.com', 'indices': [124, 147]}]",False,1869,1077,43,Tue May 26 09:07:49 +0000 2009,2494,,,False,False,2262,,False,False,False,FFFFFF,http://abs.twimg.com/images/themes/theme1/bg.png,https://abs.twimg.com/images/themes/theme1/bg.png,False,http://pbs.twimg.com/profile_images/1216396090263638016/hPbfLSLS_normal.jpg,https://pbs.twimg.com/profile_images/1216396090263638016/hPbfLSLS_normal.jpg,https://pbs.twimg.com/profile_banners/42592506/1578839203,909090,FFFFFF,FFFFFF,2C2C2C,False,False,False,False,False,False,False,none,"[{'url': 'https://t.co/goEesHM5mw', 'expanded_url': 'http://www.sarahderijcke.nl', 'display_url': 'sarahderijcke.nl', 'indices': [0, 23]}]",,,,,,,,,,,,,,,,,,,,,,,,,,,,,,,,,,,,,,,,,,,,,,,,,,,,,,,,,,,,,,,,,,,,,,,,,,,,,,,,,
4,Fri Jan 24 11:34:15 +0000 2020,1220671148301717506,1220671148301717506,@maripoldata @OceansERC @sarahderijcke @AliceVadrot @univienna @ERC_Research @SciSq Indeed an inspiring talk and an amazing project by @sarahderijcke. I'm looking forward to learn more about its outcome and the experience of doing such a research. Thanks @maripoldata for organising it.,False,"[84, 286]","<a href=""https://mobile.twitter.com"" rel=""nofollow"">Twitter Web App</a>",1.2173999975971758e+18,1217399997597175809,1.0554118868948255e+18,1055411886894825472,maripoldata,,,,,False,0,3,False,False,en,[],[],"[{'screen_name': 'maripoldata', 'name': 'MARIPOLDATA', 'id': 1055411886894825472, 'id_str': '1055411886894825472', 'indices': [0, 12]}, {'screen_name': 'OceansERC', 'name': 'FluidKnowledge', 'id': 1099247274377560064, 'id_str': '1099247274377560064', 'indices': [13, 23]}, {'screen_name': 'sarahderijcke', 'name': 'Sarah de Rijcke', 'id': 42592506, 'id_str': '42592506', 'indices': [24, 38]}, {'screen_name': 'AliceVadrot', 'name': 'Alice Vadrot', 'id': 2311471543, 'id_str': '2311471543', 'indices': [39, 51]}, {'screen_name': 'univienna', 'name': 'Universit√§t Wien', 'id': 1156701156, 'id_str': '1156701156', 'indices': [52, 62]}, {'screen_name': 'ERC_Research', 'name': 'ERC Europe', 'id': 467551928, 'id_str': '467551928', 'indices': [63, 76]}, {'screen_name': 'SciSq', 'name': 'ERC=Science Squared', 'id': 4119951689, 'id_str': '4119951689', 'indices': [77, 83]}, {'screen_name': 'sarahderijcke', 'name': 'Sarah de Rijcke', 'id': 42592506, 'id_str': '42592506', 'indices': [135, 149]}, {'screen_name': 'maripoldata', 'name': 'MARIPOLDATA', 'id': 1055411886894825472, 'id_str': '1055411886894825472', 'indices': [255, 267]}]",[],en,recent,77726055,77726055,Pouya Sepehr,PouyaSep,"Vienna, Austria","An enthusiast in science, technology and society. I study STS and the City as well as international development. Currently a university assistant at Uni Wien.",https://t.co/GWLK5c8Eos,[],False,113,670,2,Sun Sep 27 12:35:36 +0000 2009,100,,,False,False,53,,False,False,False,C6E2EE,http://abs.twimg.com/images/themes/theme2/bg.gif,https://abs.twimg.com/images/themes/theme2/bg.gif,False,http://pbs.twimg.com/profile_images/1202948649787023360/5jH8-J5i_normal.jpg,https://pbs.twimg.com/profile_images/1202948649787023360/5jH8-J5i_normal.jpg,https://pbs.twimg.com/profile_banners/77726055/1514839493,1F98C7,C6E2EE,DAECF4,663B12,True,True,False,False,False,False,False,none,"[{'url': 'https://t.co/GWLK5c8Eos', 'expanded_url': 'https://sts.univie.ac.at/ueber-uns/pouya-sepehr/', 'display_url': 'sts.univie.ac.at/ueber-uns/pouy‚Ä¶', 'indices': [0, 23]}]",,,,,,,,,,,,,,,,,,,,,,,,,,,,,,,,,,,,,,,,,,,,,,,,,,,,,,,,,,,,,,,,,,,,,,,,,,,,,,,,,
13,Fri Jan 24 00:18:12 +0000 2020,1220501015658729477,1220501015658729477,"@SRobe01 @SecDialogue @EurJRR @CUP_Law That‚Äôs really important and fascinating work @SRobe01 congratulations!! 
looking forward to learning from your latest research next month at Global Health &amp; Diplomacy workshop @univienna",False,"[39, 229]","<a href=""http://twitter.com/download/iphone"" rel=""nofollow"">Twitter for iPhone</a>",1.220477435256492e+18,1220477435256492033,9.304040740335002e+17,930404074033500160,SRobe01,,,,,False,0,2,False,False,en,[],[],"[{'screen_name': 'SRobe01', 'name': 'Stephen L. Roberts', 'id': 930404074033500160, 'id_str': '930404074033500160', 'indices': [0, 8]}, {'screen_name': 'SecDialogue', 'name': 'Security Dialogue', 'id': 426659555, 'id_str': '426659555', 'indices': [9, 21]}, {'screen_name': 'EurJRR', 'name': 'EJRR', 'id': 435723169, 'id_str': '435723169', 'indices': [22, 29]}, {'screen_name': 'CUP_Law', 'name': 'Cambridge Law', 'id': 385425892, 'id_str': '385425892', 'indices': [30, 38]}, {'screen_name': 'SRobe01', 'name': 'Stephen L. Roberts', 'id': 930404074033500160, 'id_str': '930404074033500160', 'indices': [84, 92]}, {'screen_name': 'univienna', 'name': 'Universit√§t Wien', 'id': 1156701156, 'id_str': '1156701156', 'indices': [219, 229]}]",[],en,recent,998864240420311045,998864240420311045,christian haddad,ChristianHddd,"Wien, √ñsterreich","Searching for ways to make ‚Äòfacile gestures more difficult‚Äô ‚Äî Research Fellow @infoOiip, Lecturer @univienna #CriticalPolicyStudies #STS #politicaltheory",https://t.co/f3dq3mxZYo,[],False,209,346,4,Tue May 22 09:52:47 +0000 2018,661,,,False,False,202,,False,False,False,F5F8FA,,,False,http://pbs.twimg.com/profile_images/1014134147093270528/HdLOn8_h_normal.jpg,https://pbs.twimg.com/profile_images/1014134147093270528/HdLOn8_h_normal.jpg,https://pbs.twimg.com/profile_banners/998864240420311045/1530623703,1DA1F2,C0DEED,DDEEF6,333333,True,False,True,False,False,False,False,none,"[{'url': 'https://t.co/f3dq3mxZYo', 'expanded_url': 'http://www.oiip.ac.at', 'display_url': 'oiip.ac.at', 'indices': [0, 23]}]",,,,,,,,,,,,,,,,,,,,,,,,,,,,,,,,,,,,,,,,,,,,,,,,,,,,,,,,,,,,,,,,,,,,,,,,,,,,,,,,,
17,Thu Jan 23 08:53:17 +0000 2020,1220268252263342083,1220268252263342083,@davecl42 @univienna Around 280K. Distance between levels approximately 4 metres.,False,"[21, 81]","<a href=""http://twitter.com/download/iphone"" rel=""nofollow"">Twitter for iPhone</a>",1.2202670681985434e+18,1220267068198543366,49636316.0,49636316,davecl42,,,,,False,0,0,False,False,en,[],[],"[{'screen_name': 'davecl42', 'name': 'Up shit creek with no paddles in sight', 'id': 49636316, 'id_str': '49636316', 'indices': [0, 9]}, {'screen_name': 'univienna', 'name': 'Universit√§t Wien', 'id': 1156701156, 'id_str': '1156701156', 'indices': [10, 20]}]",[],en,recent,3398664843,3398664843,Mark McCaughrean,markmccaughrean,"Wassenaar, The Netherlands",Senior Advisor for Science & Exploration at the European Space Agency. Well aware of the (in)significance of being recycled starstuff. Opinions very much own.,,[],False,6351,461,210,Sat Aug 01 13:30:00 +0000 2015,29715,,,True,False,50307,,False,False,False,000000,http://abs.twimg.com/images/themes/theme1/bg.png,https://abs.twimg.com/images/themes/theme1/bg.png,False,http://pbs.twimg.com/profile_images/858425304171372545/i1kFxTEM_normal.jpg,https://pbs.twimg.com/profile_images/858425304171372545/i1kFxTEM_normal.jpg,https://pbs.twimg.com/profile_banners/3398664843/1555493401,3B94D9,000000,000000,000000,False,False,False,False,False,False,False,none,,,,,,,,,,,,,,,,,,,,,,,,,,,,,,,,,,,,,,,,,,,,,,,,,,,,,,,,,,,,,,,,,,,,,,,,9f659d51e5c5deae,https://api.twitter.com/1.1/geo/id/9f659d51e5c5deae.json,city,Vienna,"Vienna, Austria",AT,Austria,[],Polygon,"[[[16.18218, 48.117666], [16.577511, 48.117666], [16.577511, 48.322574], [16.18218, 48.322574]]]",
18,Thu Jan 23 08:02:50 +0000 2020,1220255557619273728,1220255557619273728,@markmccaughrean @univienna Just be careful that a visit to the hotel bar doesn't end up in a random walk...,False,"[28, 108]","<a href=""https://mobile.twitter.com"" rel=""nofollow"">Twitter Web App</a>",1.220254858789507e+18,1220254858789507073,3398664843.0,3398664843,markmccaughrean,,,,,False,0,1,False,False,en,[],[],"[{'screen_name': 'markmccaughrean', 'name': 'Mark McCaughrean', 'id': 3398664843, 'id_str': '3398664843', 'indices': [0, 16]}, {'screen_name': 'univienna', 'name': 'Universit√§t Wien', 'id': 1156701156, 'id_str': '1156701156', 'indices': [17, 27]}]",[],en,recent,19182316,19182316,Jacob Aron,jjaron,London,Deputy news editor for New Scientist. 'makes being a spoilsport fun' - @niallfirth,,[],False,3409,1421,154,Mon Jan 19 13:12:21 +0000 2009,7197,,,False,True,17132,,False,False,False,C0DEED,http://abs.twimg.com/images/themes/theme1/bg.png,https://abs.twimg.com/images/themes/theme1/bg.png,False,http://pbs.twimg.com/profile_images/757485494318067712/FQGrxYXm_normal.jpg,https://pbs.twimg.com/profile_images/757485494318067712/FQGrxYXm_normal.jpg,,1DA1F2,C0DEED,DDEEF6,333333,True,False,True,False,False,False,False,none,,,,,,,,,,,,,,,,,,,,,,,,,,,,,,,,,,,,,,,,,,,,,,,,,,,,,,,,,,,,,,,,,,,,,,,,,,,,,,,,,,
20,Wed Jan 22 17:34:43 +0000 2020,1220037086838915073,1220037086838915073,@mistrass @j_kloiber @univienna Of course!,False,"[32, 42]","<a href=""http://twitter.com/download/iphone"" rel=""nofollow"">Twitter for iPhone</a>",1.2199838777852436e+18,1219983877785243648,260944964.0,260944964,mistrass,,,,,False,0,0,False,False,en,[],[],"[{'screen_name': 'mistrass', 'name': 'Michael Strassnig', 'id': 260944964, 'id_str': '260944964', 'indices': [0, 9]}, {'screen_name': 'j_kloiber', 'name': 'Julia Kloiber', 'id': 443915183, 'id_str': '443915183', 'indices': [10, 20]}, {'screen_name': 'univienna', 'name': 'Universit√§t Wien', 'id': 1156701156, 'id_str': '1156701156', 'indices': [21, 31]}]",[],en,recent,201632630,201632630,Barbara Prainsack,BPrainsack,"Vienna, Austria",Prof @univienna & @GHSMatKCL. I work on #governance #PrecisionMedicine #solidarity. Recent books: https://t.co/XBEGVBejaC https://t.co/i1xQ6oydJw,https://t.co/PDI9ve7IYC,"[{'url': 'https://t.co/XBEGVBejaC', 'expanded_url': 'http://goo.gl/gLuWCH', 'display_url': 'goo.gl/gLuWCH', 'indices': [98, 121]}, {'url': 'https://t.co/i1xQ6oydJw', 'expanded_url': 'http://goo.gl/oSuSmx', 'display_url': 'goo.gl/oSuSmx', 'indices': [122, 145]}]",False,3762,769,132,Tue Oct 12 08:31:15 +0000 2010,11155,,,False,False,9885,,False,False,False,EDECE9,http://abs.twimg.com/images/themes/theme3/bg.gif,https://abs.twimg.com/images/themes/theme3/bg.gif,False,http://pbs.twimg.com/profile_images/927171665917890561/w5htgqHc_normal.jpg,https://pbs.twimg.com/profile_images/927171665917890561/w5htgqHc_normal.jpg,https://pbs.twimg.com/profile_banners/201632630/1569267090,088253,FFFFFF,E3E2DE,634047,True,False,False,False,False,False,False,none,"[{'url': 'https://t.co/PDI9ve7IYC', 'expanded_url': 'https://kcl.academia.edu/BarbaraPrainsack', 'display_url': 'kcl.academia.edu/BarbaraPrainsa‚Ä¶', 'indices': [0, 23]}]",,,,,,,,,,,,,,,,,,,,,,,,,,,,,,,,,,,,,,,,,,,,,,,,,,,,,,,,,,,,,,,,,,,,,,,,,,,,,,,,,
22,Wed Jan 22 13:56:22 +0000 2020,1219982138440912901,1219982138440912901,"RT @astridmager: @BPrainsack @aktant @j_kloiber @univienna we could also discuss the normativity of debiasing attempts, for example..",False,"[0, 133]","<a href=""http://twitter.com/download/iphone"" rel=""nofollow"">Twitter for iPhone</a>",,,,,,,,,,False,1,0,False,False,en,[],[],"[{'screen_name': 'astridmager', 'name': 'astridmager', 'id': 14932303, 'id_str': '14932303', 'indices': [3, 15]}, {'screen_name': 'BPrainsack', 'name': 'Barbara Prainsack', 'id': 201632630, 'id_str': '201632630', 'indices': [17, 28]}, {'screen_name': 'aktant', 'name': 'gernot rieder', 'id': 83306836, 'id_str': '83306836', 'indices': [29, 36]}, {'screen_name': 'j_kloiber', 'name': 'Julia Kloiber', 'id': 443915183, 'id_str': '443915183', 'indices': [37, 47]}, {'screen_name': 'univienna', 'name': 'Universit√§t Wien', 'id': 1156701156, 'id_str': '1156701156', 'indices': [48, 58]}]",[],en,recent,201632630,201632630,Barbara Prainsack,BPrainsack,"Vienna, Austria",Prof @univienna & @GHSMatKCL. I work on #governance #PrecisionMedicine #solidarity. Recent books: https://t.co/XBEGVBejaC https://t.co/i1xQ6oydJw,https://t.co/PDI9ve7IYC,"[{'url': 'https://t.co/XBEGVBejaC', 'expanded_url': 'http://goo.gl/gLuWCH', 'display_url': 'goo.gl/gLuWCH', 'indices': [98, 121]}, {'url': 'https://t.co/i1xQ6oydJw', 'expanded_url': 'http://goo.gl/oSuSmx', 'display_url': 'goo.gl/oSuSmx', 'indices': [122, 145]}]",False,3762,769,132,Tue Oct 12 08:31:15 +0000 2010,11155,,,False,False,9885,,False,False,False,EDECE9,http://abs.twimg.com/images/themes/theme3/bg.gif,https://abs.twimg.com/images/themes/theme3/bg.gif,False,http://pbs.twimg.com/profile_images/927171665917890561/w5htgqHc_normal.jpg,https://pbs.twimg.com/profile_images/927171665917890561/w5htgqHc_normal.jpg,https://pbs.twimg.com/profile_banners/201632630/1569267090,088253,FFFFFF,E3E2DE,634047,True,False,False,False,False,False,False,none,"[{'url': 'https://t.co/PDI9ve7IYC', 'expanded_url': 'https://kcl.academia.edu/BarbaraPrainsack', 'display_url': 'kcl.academia.edu/BarbaraPrainsa‚Ä¶', 'indices': [0, 23]}]",Wed Jan 22 10:44:41 +0000 2020,1.2199338982783468e+18,1219933898278346754,"@BPrainsack @aktant @j_kloiber @univienna we could also discuss the normativity of debiasing attempts, for example..",False,"[42, 116]",[],[],"[{'screen_name': 'BPrainsack', 'name': 'Barbara Prainsack', 'id': 201632630, 'id_str': '201632630', 'indices': [0, 11]}, {'screen_name': 'aktant', 'name': 'gernot rieder', 'id': 83306836, 'id_str': '83306836', 'indices': [12, 19]}, {'screen_name': 'j_kloiber', 'name': 'Julia Kloiber', 'id': 443915183, 'id_str': '443915183', 'indices': [20, 30]}, {'screen_name': 'univienna', 'name': 'Universit√§t Wien', 'id': 1156701156, 'id_str': '1156701156', 'indices': [31, 41]}]",[],en,recent,"<a href=""https://mobile.twitter.com"" rel=""nofollow"">Twitter Web App</a>",1.2196737718477046e+18,1219673771847704576,201632630.0,201632630,BPrainsack,14932303.0,14932303,astridmager,astridmager,,"postdoc @ Institute of Technology Assessment (ITA), Vienna - STS, critical new media studies, search engines, internet governance, alternative tech; mother of 2",https://t.co/bLxUKnj99S,[],False,1012.0,409.0,55.0,Wed May 28 10:11:16 +0000 2008,364.0,,,True,False,3438.0,,False,False,False,1A1B1F,http://abs.twimg.com/images/themes/theme9/bg.gif,https://abs.twimg.com/images/themes/theme9/bg.gif,False,http://pbs.twimg.com/profile_images/79182477/portrait_normal.jpg,https://pbs.twimg.com/profile_images/79182477/portrait_normal.jpg,https://pbs.twimg.com/profile_banners/14932303/1523281771,2FC2EF,181A1E,252429,666666,True,False,False,False,False,False,False,none,,,,,False,1.0,2.0,False,False,en,,,,,,,,,,,"[{'url': 'https://t.co/bLxUKnj99S', 'expanded_url': 'http://www.astridmager.net', 'display_url': 'astridmager.net', 'indices': [0, 23]}]"
23,Wed Jan 22 13:56:05 +0000 2020,1219982065304776704,1219982065304776704,@mistrass @j_kloiber @univienna It came from a wonderfully insightful member of the ‚Äûaudience‚Äú in the context af discussions of what questions we should ask in our research and practice. The audio-recording of the lecture will be online soon!,False,"[32, 242]","<a href=""http://twitter.com/download/iphone"" rel=""nofollow"">Twitter for iPhone</a>",1.2199566423364444e+18,1219956642336444417,260944964.0,260944964,mistrass,,,,,False,0,1,False,False,en,[],[],"[{'screen_name': 'mistrass', 'name': 'Michael Strassnig', 'id': 260944964, 'id_str': '260944964', 'indices': [0, 9]}, {'screen_name': 'j_kloiber', 'name': 'Julia Kloiber', 'id': 443915183, 'id_str': '443915183', 'indices': [10, 20]}, {'screen_name': 'univienna', 'name': 'Universit√§t Wien', 'id': 1156701156, 'id_str': '1156701156', 'indices': [21, 31]}]",[],en,recent,201632630,201632630,Barbara Prainsack,BPrainsack,"Vienna, Austria",Prof @univienna & @GHSMatKCL. I work on #governance #PrecisionMedicine #solidarity. Recent books: https://t.co/XBEGVBejaC https://t.co/i1xQ6oydJw,https://t.co/PDI9ve7IYC,"[{'url': 'https://t.co/XBEGVBejaC', 'expanded_url': 'http://goo.gl/gLuWCH', 'display_url': 'goo.gl/gLuWCH', 'indices': [98, 121]}, {'url': 'https://t.co/i1xQ6oydJw', 'expanded_url': 'http://goo.gl/oSuSmx', 'display_url': 'goo.gl/oSuSmx', 'indices': [122, 145]}]",False,3762,769,132,Tue Oct 12 08:31:15 +0000 2010,11155,,,False,False,9885,,False,False,False,EDECE9,http://abs.twimg.com/images/themes/theme3/bg.gif,https://abs.twimg.com/images/themes/theme3/bg.gif,False,http://pbs.twimg.com/profile_images/927171665917890561/w5htgqHc_normal.jpg,https://pbs.twimg.com/profile_images/927171665917890561/w5htgqHc_normal.jpg,https://pbs.twimg.com/profile_banners/201632630/1569267090,088253,FFFFFF,E3E2DE,634047,True,False,False,False,False,False,False,none,"[{'url': 'https://t.co/PDI9ve7IYC', 'expanded_url': 'https://kcl.academia.edu/BarbaraPrainsack', 'display_url': 'kcl.academia.edu/BarbaraPrainsa‚Ä¶', 'indices': [0, 23]}]",,,,,,,,,,,,,,,,,,,,,,,,,,,,,,,,,,,,,,,,,,,,,,,,,,,,,,,,,,,,,,,,,,,,,,,,,,,,,,,,,
27,Wed Jan 22 10:02:20 +0000 2020,1219923243278225409,1219923243278225409,RT @BPrainsack: ‚ÄûWe always discuss the social consequences of technological systems. But we‚Äôre in this trouble because of the technological‚Ä¶,False,"[0, 140]","<a href=""https://about.twitter.com/products/tweetdeck"" rel=""nofollow"">TweetDeck</a>",,,,,,,,,,False,17,0,False,False,en,[],[],"[{'screen_name': 'BPrainsack', 'name': 'Barbara Prainsack', 'id': 201632630, 'id_str': '201632630', 'indices': [3, 14]}]",[],en,recent,83306836,83306836,gernot rieder,aktant,Hamburg I Vienna,postdoc @uhhinf; science & technology studies; politics of method; ethics in IT; likes are bookmarks,https://t.co/BLDQjwv9xm,[],False,1202,1127,71,Sun Oct 18 05:47:13 +0000 2009,1967,,,False,False,492,,False,False,False,C0DEED,http://abs.twimg.com/images/themes/theme1/bg.png,https://abs.twimg.com/images/themes/theme1/bg.png,False,http://pbs.twimg.com/profile_images/1552843868/funny-rhinocerus-woodcut-duerer_normal.jpg,https://pbs.twimg.com/profile_images/1552843868/funny-rhinocerus-woodcut-duerer_normal.jpg,https://pbs.twimg.com/profile_banners/83306836/1368477625,1DA1F2,C0DEED,DDEEF6,333333,True,False,True,False,False,False,False,none,"[{'url': 'https://t.co/BLDQjwv9xm', 'expanded_url': 'https://uni-hamburg.academia.edu/gernotrieder', 'display_url': 'uni-hamburg.academia.edu/gernotrieder', 'indices': [0, 23]}]",Tue Jan 21 17:31:02 +0000 2020,1.2196737718477046e+18,1219673771847704576,‚ÄûWe always discuss the social consequences of technological systems. But we‚Äôre in this trouble because of the technological consequences of social systems. It‚Äôs time we discuss those‚Äú. Heated discussion following @j_kloiber‚Äôs talk on public interest technology @univienna #CeSCoS,False,"[0, 279]","[{'text': 'CeSCoS', 'indices': [272, 279]}]",[],"[{'screen_name': 'j_kloiber', 'name': 'Julia Kloiber', 'id': 443915183, 'id_str': '443915183', 'indices': [213, 223]}, {'screen_name': 'univienna', 'name': 'Universit√§t Wien', 'id': 1156701156, 'id_str': '1156701156', 'indices': [261, 271]}]",[],en,recent,"<a href=""http://twitter.com/download/iphone"" rel=""nofollow"">Twitter for iPhone</a>",,,,,,201632630.0,201632630,Barbara Prainsack,BPrainsack,"Vienna, Austria",Prof @univienna & @GHSMatKCL. I work on #governance #PrecisionMedicine #solidarity. Recent books: https://t.co/XBEGVBejaC https://t.co/i1xQ6oydJw,https://t.co/PDI9ve7IYC,"[{'url': 'https://t.co/XBEGVBejaC', 'expanded_url': 'http://goo.gl/gLuWCH', 'display_url': 'goo.gl/gLuWCH', 'indices': [98, 121]}, {'url': 'https://t.co/i1xQ6oydJw', 'expanded_url': 'http://goo.gl/oSuSmx', 'display_url': 'goo.gl/oSuSmx', 'indices': [122, 145]}]",False,3762.0,769.0,132.0,Tue Oct 12 08:31:15 +0000 2010,11155.0,,,False,False,9885.0,,False,False,False,EDECE9,http://abs.twimg.com/images/themes/theme3/bg.gif,https://abs.twimg.com/images/themes/theme3/bg.gif,False,http://pbs.twimg.com/profile_images/927171665917890561/w5htgqHc_normal.jpg,https://pbs.twimg.com/profile_images/927171665917890561/w5htgqHc_normal.jpg,https://pbs.twimg.com/profile_banners/201632630/1569267090,088253,FFFFFF,E3E2DE,634047,True,False,False,False,False,False,False,none,,,,,False,17.0,47.0,False,False,en,,,,,,,,,,,"[{'url': 'https://t.co/PDI9ve7IYC', 'expanded_url': 'https://kcl.academia.edu/BarbaraPrainsack', 'display_url': 'kcl.academia.edu/BarbaraPrainsa‚Ä¶', 'indices': [0, 23]}]"
29,Wed Jan 22 07:56:23 +0000 2020,1219891544838328321,1219891544838328321,@dani_allemann @univienna @hsozkult Fascinating. I‚Äôll try this out.,False,"[36, 67]","<a href=""http://twitter.com/download/iphone"" rel=""nofollow"">Twitter for iPhone</a>",1.2198854803948626e+18,1219885480394862593,2797991179.0,2797991179,dani_allemann,,,,,False,0,1,False,False,en,[],[],"[{'screen_name': 'dani_allemann', 'name': 'Daniel Allemann', 'id': 2797991179, 'id_str': '2797991179', 'indices': [0, 14]}, {'screen_name': 'univienna', 'name': 'Universit√§t Wien', 'id': 1156701156, 'id_str': '1156701156', 'indices': [15, 25]}, {'screen_name': 'hsozkult', 'name': 'H-Soz-Kult', 'id': 114484544, 'id_str': '114484544', 'indices': [26, 35]}]",[],en,recent,51328474,51328474,Tessy Schlosser,tessyschlo,"Ciudad de M√©xico | Ithaca, NY",Ph.D. student-worker in political theory @cornellgov; Transnational feminist.,,[],False,1854,802,31,Sat Jun 27 03:15:09 +0000 2009,13980,,,True,False,20002,,False,False,False,131516,http://abs.twimg.com/images/themes/theme14/bg.gif,https://abs.twimg.com/images/themes/theme14/bg.gif,True,http://pbs.twimg.com/profile_images/1163480534846255106/ZXLzlBZV_normal.jpg,https://pbs.twimg.com/profile_images/1163480534846255106/ZXLzlBZV_normal.jpg,https://pbs.twimg.com/profile_banners/51328474/1426746502,009999,EEEEEE,EFEFEF,333333,True,True,False,False,False,False,False,none,,,,,,,,,,,,,,,,,,,,,,,,,,,,,,,,,,,,,,,,,,,,,,,,,,,,,,,,,,,,,,,,,,,,,,,,,,,,,,,,,,
30,Wed Jan 22 07:24:26 +0000 2020,1219883504550498304,1219883504550498304,@dani_allemann @univienna @hsozkult üò≠ I would love to have been able to read this.,False,"[36, 82]","<a href=""http://twitter.com/download/iphone"" rel=""nofollow"">Twitter for iPhone</a>",1.2198827882640097e+18,1219882788264009728,2797991179.0,2797991179,dani_allemann,,,,,False,0,1,False,False,en,[],[],"[{'screen_name': 'dani_allemann', 'name': 'Daniel Allemann', 'id': 2797991179, 'id_str': '2797991179', 'indices': [0, 14]}, {'screen_name': 'univienna', 'name': 'Universit√§t Wien', 'id': 1156701156, 'id_str': '1156701156', 'indices': [15, 25]}, {'screen_name': 'hsozkult', 'name': 'H-Soz-Kult', 'id': 114484544, 'id_str': '114484544', 'indices': [26, 35]}]",[],en,recent,51328474,51328474,Tessy Schlosser,tessyschlo,"Ciudad de M√©xico | Ithaca, NY",Ph.D. student-worker in political theory @cornellgov; Transnational feminist.,,[],False,1854,802,31,Sat Jun 27 03:15:09 +0000 2009,13980,,,True,False,20002,,False,False,False,131516,http://abs.twimg.com/images/themes/theme14/bg.gif,https://abs.twimg.com/images/themes/theme14/bg.gif,True,http://pbs.twimg.com/profile_images/1163480534846255106/ZXLzlBZV_normal.jpg,https://pbs.twimg.com/profile_images/1163480534846255106/ZXLzlBZV_normal.jpg,https://pbs.twimg.com/profile_banners/51328474/1426746502,009999,EEEEEE,EFEFEF,333333,True,True,False,False,False,False,False,none,,,,,,,,,,,,,,,,,,,,,,,,,,,,,,,,,,,,,,,,,,,,,,,,,,,,,,,,,,,,,,,,,,,,,,,,,,,,,,,,,,
32,Wed Jan 22 06:02:46 +0000 2020,1219862953937162240,1219862953937162240,RT @BPrainsack: ‚ÄûWe always discuss the social consequences of technological systems. But we‚Äôre in this trouble because of the technological‚Ä¶,False,"[0, 140]","<a href=""https://mobile.twitter.com"" rel=""nofollow"">Twitter Web App</a>",,,,,,,,,,False,17,0,False,False,en,[],[],"[{'screen_name': 'BPrainsack', 'name': 'Barbara Prainsack', 'id': 201632630, 'id_str': '201632630', 'indices': [3, 14]}]",[],en,recent,430597447,430597447,EthicsAndGenetics,Ethicsand,UK,"We are an independent, non-profit, non-partisan, organisation. We champion democratic participation and transparency in the governance of biosciences.",http://t.co/9Lx6lIKuSw,[],False,2309,1273,61,Wed Dec 07 10:47:06 +0000 2011,254,,,False,False,1691,,False,False,False,C6E2EE,http://abs.twimg.com/images/themes/theme2/bg.gif,https://abs.twimg.com/images/themes/theme2/bg.gif,False,http://pbs.twimg.com/profile_images/1145539892853690368/V9R_XGHQ_normal.png,https://pbs.twimg.com/profile_images/1145539892853690368/V9R_XGHQ_normal.png,https://pbs.twimg.com/profile_banners/430597447/1561952936,1F98C7,C6E2EE,E7F0E8,663B12,True,False,False,False,False,False,False,none,"[{'url': 'http://t.co/9Lx6lIKuSw', 'expanded_url': 'http://www.ethicsandgenetics.org', 'display_url': 'ethicsandgenetics.org', 'indices': [0, 22]}]",Tue Jan 21 17:31:02 +0000 2020,1.2196737718477046e+18,1219673771847704576,‚ÄûWe always discuss the social consequences of technological systems. But we‚Äôre in this trouble because of the technological consequences of social systems. It‚Äôs time we discuss those‚Äú. Heated discussion following @j_kloiber‚Äôs talk on public interest technology @univienna #CeSCoS,False,"[0, 279]","[{'text': 'CeSCoS', 'indices': [272, 279]}]",[],"[{'screen_name': 'j_kloiber', 'name': 'Julia Kloiber', 'id': 443915183, 'id_str': '443915183', 'indices': [213, 223]}, {'screen_name': 'univienna', 'name': 'Universit√§t Wien', 'id': 1156701156, 'id_str': '1156701156', 'indices': [261, 271]}]",[],en,recent,"<a href=""http://twitter.com/download/iphone"" rel=""nofollow"">Twitter for iPhone</a>",,,,,,201632630.0,201632630,Barbara Prainsack,BPrainsack,"Vienna, Austria",Prof @univienna & @GHSMatKCL. I work on #governance #PrecisionMedicine #solidarity. Recent books: https://t.co/XBEGVBejaC https://t.co/i1xQ6oydJw,https://t.co/PDI9ve7IYC,"[{'url': 'https://t.co/XBEGVBejaC', 'expanded_url': 'http://goo.gl/gLuWCH', 'display_url': 'goo.gl/gLuWCH', 'indices': [98, 121]}, {'url': 'https://t.co/i1xQ6oydJw', 'expanded_url': 'http://goo.gl/oSuSmx', 'display_url': 'goo.gl/oSuSmx', 'indices': [122, 145]}]",False,3762.0,769.0,132.0,Tue Oct 12 08:31:15 +0000 2010,11155.0,,,False,False,9885.0,,False,False,False,EDECE9,http://abs.twimg.com/images/themes/theme3/bg.gif,https://abs.twimg.com/images/themes/theme3/bg.gif,False,http://pbs.twimg.com/profile_images/927171665917890561/w5htgqHc_normal.jpg,https://pbs.twimg.com/profile_images/927171665917890561/w5htgqHc_normal.jpg,https://pbs.twimg.com/profile_banners/201632630/1569267090,088253,FFFFFF,E3E2DE,634047,True,False,False,False,False,False,False,none,,,,,False,17.0,47.0,False,False,en,,,,,,,,,,,"[{'url': 'https://t.co/PDI9ve7IYC', 'expanded_url': 'https://kcl.academia.edu/BarbaraPrainsack', 'display_url': 'kcl.academia.edu/BarbaraPrainsa‚Ä¶', 'indices': [0, 23]}]"
34,Wed Jan 22 02:55:17 +0000 2020,1219815769472565248,1219815769472565248,RT @BPrainsack: ‚ÄûWe always discuss the social consequences of technological systems. But we‚Äôre in this trouble because of the technological‚Ä¶,False,"[0, 140]","<a href=""http://twitter.com/download/android"" rel=""nofollow"">Twitter for Android</a>",,,,,,,,,,False,17,0,False,False,en,[],[],"[{'screen_name': 'BPrainsack', 'name': 'Barbara Prainsack', 'id': 201632630, 'id_str': '201632630', 'indices': [3, 14]}]",[],en,recent,1207085413493428224,1207085413493428224,Chris Barton,_Cjbarton,"Tempe, AZ","Thinking about science, tech, and development. PhD @ASU_SFIS. Tweets are my own.",,[],False,17,130,0,Tue Dec 17 23:49:41 +0000 2019,9,,,False,False,33,,False,False,False,F5F8FA,,,False,http://pbs.twimg.com/profile_images/1207089599387856897/neRzt6i4_normal.jpg,https://pbs.twimg.com/profile_images/1207089599387856897/neRzt6i4_normal.jpg,https://pbs.twimg.com/profile_banners/1207085413493428224/1577423767,1DA1F2,C0DEED,DDEEF6,333333,True,False,True,False,False,False,False,none,,Tue Jan 21 17:31:02 +0000 2020,1.2196737718477046e+18,1219673771847704576,‚ÄûWe always discuss the social consequences of technological systems. But we‚Äôre in this trouble because of the technological consequences of social systems. It‚Äôs time we discuss those‚Äú. Heated discussion following @j_kloiber‚Äôs talk on public interest technology @univienna #CeSCoS,False,"[0, 279]","[{'text': 'CeSCoS', 'indices': [272, 279]}]",[],"[{'screen_name': 'j_kloiber', 'name': 'Julia Kloiber', 'id': 443915183, 'id_str': '443915183', 'indices': [213, 223]}, {'screen_name': 'univienna', 'name': 'Universit√§t Wien', 'id': 1156701156, 'id_str': '1156701156', 'indices': [261, 271]}]",[],en,recent,"<a href=""http://twitter.com/download/iphone"" rel=""nofollow"">Twitter for iPhone</a>",,,,,,201632630.0,201632630,Barbara Prainsack,BPrainsack,"Vienna, Austria",Prof @univienna & @GHSMatKCL. I work on #governance #PrecisionMedicine #solidarity. Recent books: https://t.co/XBEGVBejaC https://t.co/i1xQ6oydJw,https://t.co/PDI9ve7IYC,"[{'url': 'https://t.co/XBEGVBejaC', 'expanded_url': 'http://goo.gl/gLuWCH', 'display_url': 'goo.gl/gLuWCH', 'indices': [98, 121]}, {'url': 'https://t.co/i1xQ6oydJw', 'expanded_url': 'http://goo.gl/oSuSmx', 'display_url': 'goo.gl/oSuSmx', 'indices': [122, 145]}]",False,3762.0,769.0,132.0,Tue Oct 12 08:31:15 +0000 2010,11155.0,,,False,False,9885.0,,False,False,False,EDECE9,http://abs.twimg.com/images/themes/theme3/bg.gif,https://abs.twimg.com/images/themes/theme3/bg.gif,False,http://pbs.twimg.com/profile_images/927171665917890561/w5htgqHc_normal.jpg,https://pbs.twimg.com/profile_images/927171665917890561/w5htgqHc_normal.jpg,https://pbs.twimg.com/profile_banners/201632630/1569267090,088253,FFFFFF,E3E2DE,634047,True,False,False,False,False,False,False,none,,,,,False,17.0,47.0,False,False,en,,,,,,,,,,,"[{'url': 'https://t.co/PDI9ve7IYC', 'expanded_url': 'https://kcl.academia.edu/BarbaraPrainsack', 'display_url': 'kcl.academia.edu/BarbaraPrainsa‚Ä¶', 'indices': [0, 23]}]"
36,Wed Jan 22 00:13:36 +0000 2020,1219775083524177920,1219775083524177920,RT @BPrainsack: ‚ÄûWe always discuss the social consequences of technological systems. But we‚Äôre in this trouble because of the technological‚Ä¶,False,"[0, 140]","<a href=""https://mobile.twitter.com"" rel=""nofollow"">Twitter Web App</a>",,,,,,,,,,False,17,0,False,False,en,[],[],"[{'screen_name': 'BPrainsack', 'name': 'Barbara Prainsack', 'id': 201632630, 'id_str': '201632630', 'indices': [3, 14]}]",[],en,recent,395690116,395690116,Jacob Ritchie ‚òÉÔ∏è,jwkritchie,"SF Bay / ""Canada""","CS PhD Student @StanfordHCI. Research interests: HCI, visualization, ML, mental health, social computing. Personal interests: comics, poems, art, etc. he/him",https://t.co/6X6l2BsnL3,[],False,1991,4819,22,Sat Oct 22 02:42:25 +0000 2011,23226,,,False,False,5072,,False,False,False,C0DEED,http://abs.twimg.com/images/themes/theme1/bg.png,https://abs.twimg.com/images/themes/theme1/bg.png,False,http://pbs.twimg.com/profile_images/1171281031665577984/w0XIaDVY_normal.jpg,https://pbs.twimg.com/profile_images/1171281031665577984/w0XIaDVY_normal.jpg,https://pbs.twimg.com/profile_banners/395690116/1573532594,7FDBB6,C0DEED,DDEEF6,333333,True,False,False,False,False,False,False,none,"[{'url': 'https://t.co/6X6l2BsnL3', 'expanded_url': 'http://www.jacobritchie.xyz/', 'display_url': 'jacobritchie.xyz', 'indices': [0, 23]}]",Tue Jan 21 17:31:02 +0000 2020,1.2196737718477046e+18,1219673771847704576,‚ÄûWe always discuss the social consequences of technological systems. But we‚Äôre in this trouble because of the technological consequences of social systems. It‚Äôs time we discuss those‚Äú. Heated discussion following @j_kloiber‚Äôs talk on public interest technology @univienna #CeSCoS,False,"[0, 279]","[{'text': 'CeSCoS', 'indices': [272, 279]}]",[],"[{'screen_name': 'j_kloiber', 'name': 'Julia Kloiber', 'id': 443915183, 'id_str': '443915183', 'indices': [213, 223]}, {'screen_name': 'univienna', 'name': 'Universit√§t Wien', 'id': 1156701156, 'id_str': '1156701156', 'indices': [261, 271]}]",[],en,recent,"<a href=""http://twitter.com/download/iphone"" rel=""nofollow"">Twitter for iPhone</a>",,,,,,201632630.0,201632630,Barbara Prainsack,BPrainsack,"Vienna, Austria",Prof @univienna & @GHSMatKCL. I work on #governance #PrecisionMedicine #solidarity. Recent books: https://t.co/XBEGVBejaC https://t.co/i1xQ6oydJw,https://t.co/PDI9ve7IYC,"[{'url': 'https://t.co/XBEGVBejaC', 'expanded_url': 'http://goo.gl/gLuWCH', 'display_url': 'goo.gl/gLuWCH', 'indices': [98, 121]}, {'url': 'https://t.co/i1xQ6oydJw', 'expanded_url': 'http://goo.gl/oSuSmx', 'display_url': 'goo.gl/oSuSmx', 'indices': [122, 145]}]",False,3762.0,769.0,132.0,Tue Oct 12 08:31:15 +0000 2010,11155.0,,,False,False,9885.0,,False,False,False,EDECE9,http://abs.twimg.com/images/themes/theme3/bg.gif,https://abs.twimg.com/images/themes/theme3/bg.gif,False,http://pbs.twimg.com/profile_images/927171665917890561/w5htgqHc_normal.jpg,https://pbs.twimg.com/profile_images/927171665917890561/w5htgqHc_normal.jpg,https://pbs.twimg.com/profile_banners/201632630/1569267090,088253,FFFFFF,E3E2DE,634047,True,False,False,False,False,False,False,none,,,,,False,17.0,47.0,False,False,en,,,,,,,,,,,"[{'url': 'https://t.co/PDI9ve7IYC', 'expanded_url': 'https://kcl.academia.edu/BarbaraPrainsack', 'display_url': 'kcl.academia.edu/BarbaraPrainsa‚Ä¶', 'indices': [0, 23]}]"
37,Wed Jan 22 00:08:46 +0000 2020,1219773863967494144,1219773863967494144,RT @BPrainsack: ‚ÄûWe always discuss the social consequences of technological systems. But we‚Äôre in this trouble because of the technological‚Ä¶,False,"[0, 140]","<a href=""https://mobile.twitter.com"" rel=""nofollow"">Twitter Web App</a>",,,,,,,,,,False,17,0,False,False,en,[],[],"[{'screen_name': 'BPrainsack', 'name': 'Barbara Prainsack', 'id': 201632630, 'id_str': '201632630', 'indices': [3, 14]}]",[],en,recent,192665708,192665708,Gabriel Grill,1roboter,"Ann Arbor, MI",Critical Algorithm/Data/Surveillance Studies. Science and Technology Studies. Computer Science. PhD student @umsi. ‚ñ© EN & GER  ‚ñë He // Him,https://t.co/wrqpgZVWz9,[],False,467,1403,27,Sun Sep 19 20:23:27 +0000 2010,3026,,,False,False,6648,,False,False,False,B2DFDA,http://abs.twimg.com/images/themes/theme13/bg.gif,https://abs.twimg.com/images/themes/theme13/bg.gif,False,http://pbs.twimg.com/profile_images/1164759793736679424/u2ThrFBE_normal.jpg,https://pbs.twimg.com/profile_images/1164759793736679424/u2ThrFBE_normal.jpg,,E81C4F,000000,FFFFFF,333333,True,False,False,False,False,False,False,none,"[{'url': 'https://t.co/wrqpgZVWz9', 'expanded_url': 'http://ggrill.net', 'display_url': 'ggrill.net', 'indices': [0, 23]}]",Tue Jan 21 17:31:02 +0000 2020,1.2196737718477046e+18,1219673771847704576,‚ÄûWe always discuss the social consequences of technological systems. But we‚Äôre in this trouble because of the technological consequences of social systems. It‚Äôs time we discuss those‚Äú. Heated discussion following @j_kloiber‚Äôs talk on public interest technology @univienna #CeSCoS,False,"[0, 279]","[{'text': 'CeSCoS', 'indices': [272, 279]}]",[],"[{'screen_name': 'j_kloiber', 'name': 'Julia Kloiber', 'id': 443915183, 'id_str': '443915183', 'indices': [213, 223]}, {'screen_name': 'univienna', 'name': 'Universit√§t Wien', 'id': 1156701156, 'id_str': '1156701156', 'indices': [261, 271]}]",[],en,recent,"<a href=""http://twitter.com/download/iphone"" rel=""nofollow"">Twitter for iPhone</a>",,,,,,201632630.0,201632630,Barbara Prainsack,BPrainsack,"Vienna, Austria",Prof @univienna & @GHSMatKCL. I work on #governance #PrecisionMedicine #solidarity. Recent books: https://t.co/XBEGVBejaC https://t.co/i1xQ6oydJw,https://t.co/PDI9ve7IYC,"[{'url': 'https://t.co/XBEGVBejaC', 'expanded_url': 'http://goo.gl/gLuWCH', 'display_url': 'goo.gl/gLuWCH', 'indices': [98, 121]}, {'url': 'https://t.co/i1xQ6oydJw', 'expanded_url': 'http://goo.gl/oSuSmx', 'display_url': 'goo.gl/oSuSmx', 'indices': [122, 145]}]",False,3762.0,769.0,132.0,Tue Oct 12 08:31:15 +0000 2010,11155.0,,,False,False,9885.0,,False,False,False,EDECE9,http://abs.twimg.com/images/themes/theme3/bg.gif,https://abs.twimg.com/images/themes/theme3/bg.gif,False,http://pbs.twimg.com/profile_images/927171665917890561/w5htgqHc_normal.jpg,https://pbs.twimg.com/profile_images/927171665917890561/w5htgqHc_normal.jpg,https://pbs.twimg.com/profile_banners/201632630/1569267090,088253,FFFFFF,E3E2DE,634047,True,False,False,False,False,False,False,none,,,,,False,17.0,47.0,False,False,en,,,,,,,,,,,"[{'url': 'https://t.co/PDI9ve7IYC', 'expanded_url': 'https://kcl.academia.edu/BarbaraPrainsack', 'display_url': 'kcl.academia.edu/BarbaraPrainsa‚Ä¶', 'indices': [0, 23]}]"
38,Tue Jan 21 23:39:16 +0000 2020,1219766439869063168,1219766439869063168,RT @BPrainsack: ‚ÄûWe always discuss the social consequences of technological systems. But we‚Äôre in this trouble because of the technological‚Ä¶,False,"[0, 140]","<a href=""http://twitter.com/download/android"" rel=""nofollow"">Twitter for Android</a>",,,,,,,,,,False,17,0,False,False,en,[],[],"[{'screen_name': 'BPrainsack', 'name': 'Barbara Prainsack', 'id': 201632630, 'id_str': '201632630', 'indices': [3, 14]}]",[],en,recent,3402171525,3402171525,Ayesha Umar ÿπÿßÿ¶ÿ¥€Å ÿπŸÖÿ±,umaenauman_09,Brampton/Lahore,Student;Mother; Conflict & Security; Social Movements;Higher Ed;Innovation; Climate Crisis; Bio-economy; YorkU;UfT;EduUL;PU;LCWU; Music; RT=bookmarks,,[],False,666,3314,8,Tue Aug 04 03:44:39 +0000 2015,15584,,,False,False,19446,,False,False,False,000000,http://abs.twimg.com/images/themes/theme1/bg.png,https://abs.twimg.com/images/themes/theme1/bg.png,False,http://pbs.twimg.com/profile_images/1181057628279132160/Hn9zG68I_normal.jpg,https://pbs.twimg.com/profile_images/1181057628279132160/Hn9zG68I_normal.jpg,https://pbs.twimg.com/profile_banners/3402171525/1523473653,981CEB,000000,000000,000000,False,False,False,False,False,False,False,none,,Tue Jan 21 17:31:02 +0000 2020,1.2196737718477046e+18,1219673771847704576,‚ÄûWe always discuss the social consequences of technological systems. But we‚Äôre in this trouble because of the technological consequences of social systems. It‚Äôs time we discuss those‚Äú. Heated discussion following @j_kloiber‚Äôs talk on public interest technology @univienna #CeSCoS,False,"[0, 279]","[{'text': 'CeSCoS', 'indices': [272, 279]}]",[],"[{'screen_name': 'j_kloiber', 'name': 'Julia Kloiber', 'id': 443915183, 'id_str': '443915183', 'indices': [213, 223]}, {'screen_name': 'univienna', 'name': 'Universit√§t Wien', 'id': 1156701156, 'id_str': '1156701156', 'indices': [261, 271]}]",[],en,recent,"<a href=""http://twitter.com/download/iphone"" rel=""nofollow"">Twitter for iPhone</a>",,,,,,201632630.0,201632630,Barbara Prainsack,BPrainsack,"Vienna, Austria",Prof @univienna & @GHSMatKCL. I work on #governance #PrecisionMedicine #solidarity. Recent books: https://t.co/XBEGVBejaC https://t.co/i1xQ6oydJw,https://t.co/PDI9ve7IYC,"[{'url': 'https://t.co/XBEGVBejaC', 'expanded_url': 'http://goo.gl/gLuWCH', 'display_url': 'goo.gl/gLuWCH', 'indices': [98, 121]}, {'url': 'https://t.co/i1xQ6oydJw', 'expanded_url': 'http://goo.gl/oSuSmx', 'display_url': 'goo.gl/oSuSmx', 'indices': [122, 145]}]",False,3762.0,769.0,132.0,Tue Oct 12 08:31:15 +0000 2010,11155.0,,,False,False,9885.0,,False,False,False,EDECE9,http://abs.twimg.com/images/themes/theme3/bg.gif,https://abs.twimg.com/images/themes/theme3/bg.gif,False,http://pbs.twimg.com/profile_images/927171665917890561/w5htgqHc_normal.jpg,https://pbs.twimg.com/profile_images/927171665917890561/w5htgqHc_normal.jpg,https://pbs.twimg.com/profile_banners/201632630/1569267090,088253,FFFFFF,E3E2DE,634047,True,False,False,False,False,False,False,none,,,,,False,17.0,47.0,False,False,en,,,,,,,,,,,"[{'url': 'https://t.co/PDI9ve7IYC', 'expanded_url': 'https://kcl.academia.edu/BarbaraPrainsack', 'display_url': 'kcl.academia.edu/BarbaraPrainsa‚Ä¶', 'indices': [0, 23]}]"
39,Tue Jan 21 23:08:15 +0000 2020,1219758635271802880,1219758635271802880,RT @BPrainsack: ‚ÄûWe always discuss the social consequences of technological systems. But we‚Äôre in this trouble because of the technological‚Ä¶,False,"[0, 140]","<a href=""https://mobile.twitter.com"" rel=""nofollow"">Twitter Web App</a>",,,,,,,,,,False,17,0,False,False,en,[],[],"[{'screen_name': 'BPrainsack', 'name': 'Barbara Prainsack', 'id': 201632630, 'id_str': '201632630', 'indices': [3, 14]}]",[],en,recent,118029106,118029106,Kersti Wissenbach,KerstiRu,"Amsterdam, The Netherlands","data ‚â† communication, consultant & radical co-creator |
antidisciplinary academic @Data_ctive | lecturer @mahcomdev | #civictech | #data_justice",,[],False,517,349,60,Sat Feb 27 11:00:26 +0000 2010,444,,,False,False,1028,,False,False,False,ACDED6,http://abs.twimg.com/images/themes/theme18/bg.gif,https://abs.twimg.com/images/themes/theme18/bg.gif,False,http://pbs.twimg.com/profile_images/442781142958088192/5-OsG1w6_normal.jpeg,https://pbs.twimg.com/profile_images/442781142958088192/5-OsG1w6_normal.jpeg,https://pbs.twimg.com/profile_banners/118029106/1406192584,038543,EEEEEE,F6F6F6,333333,True,False,False,False,False,False,False,none,,Tue Jan 21 17:31:02 +0000 2020,1.2196737718477046e+18,1219673771847704576,‚ÄûWe always discuss the social consequences of technological systems. But we‚Äôre in this trouble because of the technological consequences of social systems. It‚Äôs time we discuss those‚Äú. Heated discussion following @j_kloiber‚Äôs talk on public interest technology @univienna #CeSCoS,False,"[0, 279]","[{'text': 'CeSCoS', 'indices': [272, 279]}]",[],"[{'screen_name': 'j_kloiber', 'name': 'Julia Kloiber', 'id': 443915183, 'id_str': '443915183', 'indices': [213, 223]}, {'screen_name': 'univienna', 'name': 'Universit√§t Wien', 'id': 1156701156, 'id_str': '1156701156', 'indices': [261, 271]}]",[],en,recent,"<a href=""http://twitter.com/download/iphone"" rel=""nofollow"">Twitter for iPhone</a>",,,,,,201632630.0,201632630,Barbara Prainsack,BPrainsack,"Vienna, Austria",Prof @univienna & @GHSMatKCL. I work on #governance #PrecisionMedicine #solidarity. Recent books: https://t.co/XBEGVBejaC https://t.co/i1xQ6oydJw,https://t.co/PDI9ve7IYC,"[{'url': 'https://t.co/XBEGVBejaC', 'expanded_url': 'http://goo.gl/gLuWCH', 'display_url': 'goo.gl/gLuWCH', 'indices': [98, 121]}, {'url': 'https://t.co/i1xQ6oydJw', 'expanded_url': 'http://goo.gl/oSuSmx', 'display_url': 'goo.gl/oSuSmx', 'indices': [122, 145]}]",False,3762.0,769.0,132.0,Tue Oct 12 08:31:15 +0000 2010,11155.0,,,False,False,9885.0,,False,False,False,EDECE9,http://abs.twimg.com/images/themes/theme3/bg.gif,https://abs.twimg.com/images/themes/theme3/bg.gif,False,http://pbs.twimg.com/profile_images/927171665917890561/w5htgqHc_normal.jpg,https://pbs.twimg.com/profile_images/927171665917890561/w5htgqHc_normal.jpg,https://pbs.twimg.com/profile_banners/201632630/1569267090,088253,FFFFFF,E3E2DE,634047,True,False,False,False,False,False,False,none,,,,,False,17.0,47.0,False,False,en,,,,,,,,,,,"[{'url': 'https://t.co/PDI9ve7IYC', 'expanded_url': 'https://kcl.academia.edu/BarbaraPrainsack', 'display_url': 'kcl.academia.edu/BarbaraPrainsa‚Ä¶', 'indices': [0, 23]}]"
45,Tue Jan 21 18:06:42 +0000 2020,1219682748832649217,1219682748832649217,RT @BPrainsack: ‚ÄûWe always discuss the social consequences of technological systems. But we‚Äôre in this trouble because of the technological‚Ä¶,False,"[0, 140]","<a href=""http://twitter.com/download/iphone"" rel=""nofollow"">Twitter for iPhone</a>",,,,,,,,,,False,17,0,False,False,en,[],[],"[{'screen_name': 'BPrainsack', 'name': 'Barbara Prainsack', 'id': 201632630, 'id_str': '201632630', 'indices': [3, 14]}]",[],en,recent,51714332,51714332,Thomas V√∂lker,voeka,,"Science and Technology Studies, Anticipatory Knowledge, Knowledge Politics, Science Fiction, Whisk(e)y",,[],False,152,310,2,Sun Jun 28 12:05:20 +0000 2009,109,,,False,False,270,,False,False,False,8B542B,http://abs.twimg.com/images/themes/theme8/bg.gif,https://abs.twimg.com/images/themes/theme8/bg.gif,False,http://pbs.twimg.com/profile_images/378800000394222752/616d2bd58ddc6e572889ed97d34955b9_normal.jpeg,https://pbs.twimg.com/profile_images/378800000394222752/616d2bd58ddc6e572889ed97d34955b9_normal.jpeg,https://pbs.twimg.com/profile_banners/51714332/1378021497,9D582E,D9B17E,EADEAA,333333,True,False,False,False,False,False,False,none,,Tue Jan 21 17:31:02 +0000 2020,1.2196737718477046e+18,1219673771847704576,‚ÄûWe always discuss the social consequences of technological systems. But we‚Äôre in this trouble because of the technological consequences of social systems. It‚Äôs time we discuss those‚Äú. Heated discussion following @j_kloiber‚Äôs talk on public interest technology @univienna #CeSCoS,False,"[0, 279]","[{'text': 'CeSCoS', 'indices': [272, 279]}]",[],"[{'screen_name': 'j_kloiber', 'name': 'Julia Kloiber', 'id': 443915183, 'id_str': '443915183', 'indices': [213, 223]}, {'screen_name': 'univienna', 'name': 'Universit√§t Wien', 'id': 1156701156, 'id_str': '1156701156', 'indices': [261, 271]}]",[],en,recent,"<a href=""http://twitter.com/download/iphone"" rel=""nofollow"">Twitter for iPhone</a>",,,,,,201632630.0,201632630,Barbara Prainsack,BPrainsack,"Vienna, Austria",Prof @univienna & @GHSMatKCL. I work on #governance #PrecisionMedicine #solidarity. Recent books: https://t.co/XBEGVBejaC https://t.co/i1xQ6oydJw,https://t.co/PDI9ve7IYC,"[{'url': 'https://t.co/XBEGVBejaC', 'expanded_url': 'http://goo.gl/gLuWCH', 'display_url': 'goo.gl/gLuWCH', 'indices': [98, 121]}, {'url': 'https://t.co/i1xQ6oydJw', 'expanded_url': 'http://goo.gl/oSuSmx', 'display_url': 'goo.gl/oSuSmx', 'indices': [122, 145]}]",False,3762.0,769.0,132.0,Tue Oct 12 08:31:15 +0000 2010,11155.0,,,False,False,9885.0,,False,False,False,EDECE9,http://abs.twimg.com/images/themes/theme3/bg.gif,https://abs.twimg.com/images/themes/theme3/bg.gif,False,http://pbs.twimg.com/profile_images/927171665917890561/w5htgqHc_normal.jpg,https://pbs.twimg.com/profile_images/927171665917890561/w5htgqHc_normal.jpg,https://pbs.twimg.com/profile_banners/201632630/1569267090,088253,FFFFFF,E3E2DE,634047,True,False,False,False,False,False,False,none,,,,,False,17.0,47.0,False,False,en,,,,,,,,,,,"[{'url': 'https://t.co/PDI9ve7IYC', 'expanded_url': 'https://kcl.academia.edu/BarbaraPrainsack', 'display_url': 'kcl.academia.edu/BarbaraPrainsa‚Ä¶', 'indices': [0, 23]}]"
46,Tue Jan 21 17:52:31 +0000 2020,1219679178863390721,1219679178863390721,RT @BPrainsack: ‚ÄûWe always discuss the social consequences of technological systems. But we‚Äôre in this trouble because of the technological‚Ä¶,False,"[0, 140]","<a href=""http://twitter.com/download/iphone"" rel=""nofollow"">Twitter for iPhone</a>",,,,,,,,,,False,17,0,False,False,en,[],[],"[{'screen_name': 'BPrainsack', 'name': 'Barbara Prainsack', 'id': 201632630, 'id_str': '201632630', 'indices': [3, 14]}]",[],en,recent,3004181585,3004181585,Shaman Narayanasamy üîù,shaman_ns,Luxembourg,Scientist; Activist; Enthusiast; Student; Friend; Brother; Son; Human being,https://t.co/3IL4pMnaBn,[],False,152,527,16,Thu Jan 29 15:55:30 +0000 2015,2184,,,False,False,3402,,False,False,False,C0DEED,http://abs.twimg.com/images/themes/theme1/bg.png,https://abs.twimg.com/images/themes/theme1/bg.png,False,http://pbs.twimg.com/profile_images/903213967656587265/lrUHlrxt_normal.jpg,https://pbs.twimg.com/profile_images/903213967656587265/lrUHlrxt_normal.jpg,https://pbs.twimg.com/profile_banners/3004181585/1504177965,1DA1F2,C0DEED,DDEEF6,333333,True,False,True,False,False,False,False,none,"[{'url': 'https://t.co/3IL4pMnaBn', 'expanded_url': 'https://www.linkedin.com/in/shaman-narayanasamy-b487b810/', 'display_url': 'linkedin.com/in/shaman-nara‚Ä¶', 'indices': [0, 23]}]",Tue Jan 21 17:31:02 +0000 2020,1.2196737718477046e+18,1219673771847704576,‚ÄûWe always discuss the social consequences of technological systems. But we‚Äôre in this trouble because of the technological consequences of social systems. It‚Äôs time we discuss those‚Äú. Heated discussion following @j_kloiber‚Äôs talk on public interest technology @univienna #CeSCoS,False,"[0, 279]","[{'text': 'CeSCoS', 'indices': [272, 279]}]",[],"[{'screen_name': 'j_kloiber', 'name': 'Julia Kloiber', 'id': 443915183, 'id_str': '443915183', 'indices': [213, 223]}, {'screen_name': 'univienna', 'name': 'Universit√§t Wien', 'id': 1156701156, 'id_str': '1156701156', 'indices': [261, 271]}]",[],en,recent,"<a href=""http://twitter.com/download/iphone"" rel=""nofollow"">Twitter for iPhone</a>",,,,,,201632630.0,201632630,Barbara Prainsack,BPrainsack,"Vienna, Austria",Prof @univienna & @GHSMatKCL. I work on #governance #PrecisionMedicine #solidarity. Recent books: https://t.co/XBEGVBejaC https://t.co/i1xQ6oydJw,https://t.co/PDI9ve7IYC,"[{'url': 'https://t.co/XBEGVBejaC', 'expanded_url': 'http://goo.gl/gLuWCH', 'display_url': 'goo.gl/gLuWCH', 'indices': [98, 121]}, {'url': 'https://t.co/i1xQ6oydJw', 'expanded_url': 'http://goo.gl/oSuSmx', 'display_url': 'goo.gl/oSuSmx', 'indices': [122, 145]}]",False,3762.0,769.0,132.0,Tue Oct 12 08:31:15 +0000 2010,11155.0,,,False,False,9885.0,,False,False,False,EDECE9,http://abs.twimg.com/images/themes/theme3/bg.gif,https://abs.twimg.com/images/themes/theme3/bg.gif,False,http://pbs.twimg.com/profile_images/927171665917890561/w5htgqHc_normal.jpg,https://pbs.twimg.com/profile_images/927171665917890561/w5htgqHc_normal.jpg,https://pbs.twimg.com/profile_banners/201632630/1569267090,088253,FFFFFF,E3E2DE,634047,True,False,False,False,False,False,False,none,,,,,False,17.0,47.0,False,False,en,,,,,,,,,,,"[{'url': 'https://t.co/PDI9ve7IYC', 'expanded_url': 'https://kcl.academia.edu/BarbaraPrainsack', 'display_url': 'kcl.academia.edu/BarbaraPrainsa‚Ä¶', 'indices': [0, 23]}]"
47,Tue Jan 21 17:31:02 +0000 2020,1219673771847704576,1219673771847704576,‚ÄûWe always discuss the social consequences of technological systems. But we‚Äôre in this trouble because of the technological consequences of social systems. It‚Äôs time we discuss those‚Äú. Heated discussion following @j_kloiber‚Äôs talk on public interest technology @univienna #CeSCoS,False,"[0, 279]","<a href=""http://twitter.com/download/iphone"" rel=""nofollow"">Twitter for iPhone</a>",,,,,,,,,,False,17,47,False,False,en,"[{'text': 'CeSCoS', 'indices': [272, 279]}]",[],"[{'screen_name': 'j_kloiber', 'name': 'Julia Kloiber', 'id': 443915183, 'id_str': '443915183', 'indices': [213, 223]}, {'screen_name': 'univienna', 'name': 'Universit√§t Wien', 'id': 1156701156, 'id_str': '1156701156', 'indices': [261, 271]}]",[],en,recent,201632630,201632630,Barbara Prainsack,BPrainsack,"Vienna, Austria",Prof @univienna & @GHSMatKCL. I work on #governance #PrecisionMedicine #solidarity. Recent books: https://t.co/XBEGVBejaC https://t.co/i1xQ6oydJw,https://t.co/PDI9ve7IYC,"[{'url': 'https://t.co/XBEGVBejaC', 'expanded_url': 'http://goo.gl/gLuWCH', 'display_url': 'goo.gl/gLuWCH', 'indices': [98, 121]}, {'url': 'https://t.co/i1xQ6oydJw', 'expanded_url': 'http://goo.gl/oSuSmx', 'display_url': 'goo.gl/oSuSmx', 'indices': [122, 145]}]",False,3762,769,132,Tue Oct 12 08:31:15 +0000 2010,11155,,,False,False,9885,,False,False,False,EDECE9,http://abs.twimg.com/images/themes/theme3/bg.gif,https://abs.twimg.com/images/themes/theme3/bg.gif,False,http://pbs.twimg.com/profile_images/927171665917890561/w5htgqHc_normal.jpg,https://pbs.twimg.com/profile_images/927171665917890561/w5htgqHc_normal.jpg,https://pbs.twimg.com/profile_banners/201632630/1569267090,088253,FFFFFF,E3E2DE,634047,True,False,False,False,False,False,False,none,"[{'url': 'https://t.co/PDI9ve7IYC', 'expanded_url': 'https://kcl.academia.edu/BarbaraPrainsack', 'display_url': 'kcl.academia.edu/BarbaraPrainsa‚Ä¶', 'indices': [0, 23]}]",,,,,,,,,,,,,,,,,,,,,,,,,,,,,,,,,,,,,,,,,,,,,,,,,,,,,,,,,,,,,,,,,,,,,,,,,,,,,,,,,
48,Tue Jan 21 15:13:08 +0000 2020,1219639068025413633,1219639068025413633,@FWF_at @ChristianHddd @uniinnsbruck @univienna It‚Äôs not about joining these discussions - we do this and @ChristianHddd is at the forefront- but about steering them through appointment of social scientists in high impact events let alone governing bodies of funding Institutions. That‚Äôs science politics.,False,"[48, 305]","<a href=""http://twitter.com/download/iphone"" rel=""nofollow"">Twitter for iPhone</a>",1.2196215465511363e+18,1219621546551136256,3074775867.0,3074775867,FWF_at,,,,,False,0,2,False,False,en,[],[],"[{'screen_name': 'FWF_at', 'name': 'FWF', 'id': 3074775867, 'id_str': '3074775867', 'indices': [0, 7]}, {'screen_name': 'ChristianHddd', 'name': 'christian haddad', 'id': 998864240420311045, 'id_str': '998864240420311045', 'indices': [8, 22]}, {'screen_name': 'uniinnsbruck', 'name': 'Uni Innsbruck', 'id': 22127500, 'id_str': '22127500', 'indices': [23, 36]}, {'screen_name': 'univienna', 'name': 'Universit√§t Wien', 'id': 1156701156, 'id_str': '1156701156', 'indices': [37, 47]}, {'screen_name': 'ChristianHddd', 'name': 'christian haddad', 'id': 998864240420311045, 'id_str': '998864240420311045', 'indices': [106, 120]}]",[],en,recent,2451061273,2451061273,Anna Durnova,evrop_anka,Vienna,research on #policy #emotion #science #health at @IHS_vienna. @CCSYale Fellow. Author @UofMPress & @elgar_politics. op-eds for @nazoryHN and #coffee for thought,https://t.co/7ICZW9Aqxw,[],False,1409,1207,31,Fri Apr 18 08:14:02 +0000 2014,10294,,,False,False,1454,,False,False,False,C0DEED,http://abs.twimg.com/images/themes/theme1/bg.png,https://abs.twimg.com/images/themes/theme1/bg.png,False,http://pbs.twimg.com/profile_images/1177133802822545408/1EwSr_cx_normal.jpg,https://pbs.twimg.com/profile_images/1177133802822545408/1EwSr_cx_normal.jpg,https://pbs.twimg.com/profile_banners/2451061273/1527060275,8C1466,C0DEED,DDEEF6,333333,True,False,False,False,False,False,False,none,"[{'url': 'https://t.co/7ICZW9Aqxw', 'expanded_url': 'http://www.negotiating-truth.com', 'display_url': 'negotiating-truth.com', 'indices': [0, 23]}]",,,,,,,,,,,,,,,,,,,,,,,,,,,,,,,,,,,,,,,,,,,,,,,,,,,,,,,,,,,,,,,,,,,,,,,,,,,,,,,,,
50,Tue Jan 21 14:03:30 +0000 2020,1219621546551136256,1219621546551136256,@ChristianHddd @uniinnsbruck @univienna Please do join the discussions that are open for everyone and every discipline!,False,"[40, 119]","<a href=""https://mobile.twitter.com"" rel=""nofollow"">Twitter Web App</a>",1.2196167088534774e+18,1219616708853477376,9.98864240420311e+17,998864240420311045,ChristianHddd,,,,,False,0,1,False,False,en,[],[],"[{'screen_name': 'ChristianHddd', 'name': 'christian haddad', 'id': 998864240420311045, 'id_str': '998864240420311045', 'indices': [0, 14]}, {'screen_name': 'uniinnsbruck', 'name': 'Uni Innsbruck', 'id': 22127500, 'id_str': '22127500', 'indices': [15, 28]}, {'screen_name': 'univienna', 'name': 'Universit√§t Wien', 'id': 1156701156, 'id_str': '1156701156', 'indices': [29, 39]}]",[],en,recent,3074775867,3074775867,FWF,FWF_at,Wien √ñsterreich,"News from the Austrian Science Fund FWF, Austria's central funding organization for basic research. 
See also @FWFOpenAccess",,[],False,3796,450,58,Fri Mar 06 13:28:10 +0000 2015,1827,,,True,False,5108,,False,False,False,C0DEED,http://abs.twimg.com/images/themes/theme1/bg.png,https://abs.twimg.com/images/themes/theme1/bg.png,False,http://pbs.twimg.com/profile_images/575658110745845760/41187EzE_normal.jpeg,https://pbs.twimg.com/profile_images/575658110745845760/41187EzE_normal.jpeg,https://pbs.twimg.com/profile_banners/3074775867/1557947680,1DA1F2,C0DEED,DDEEF6,333333,True,False,True,False,False,False,False,none,,,,,,,,,,,,,,,,,,,,,,,,,,,,,,,,,,,,,,,,,,,,,,,,,,,,,,,,,,,,,,,,,,,,,,,,,,,,,,,,,,
51,Tue Jan 21 13:44:17 +0000 2020,1219616708853477376,1219616708853477376,@FWF_at @uniinnsbruck @univienna Not a spark of social sciences &amp; humanities in these discussions? ‚ÄúRethinking Acad‚Äú efforts should be based on broader approach.Otherwise bit anachronistic &amp; disappointing bc current funding syst hampers innovative soc science desperately needed in face of challenges facing 21C.,False,"[33, 320]","<a href=""http://twitter.com/download/iphone"" rel=""nofollow"">Twitter for iPhone</a>",1.219611796946006e+18,1219611796946006017,3074775867.0,3074775867,FWF_at,,,,,False,0,3,False,False,en,[],[],"[{'screen_name': 'FWF_at', 'name': 'FWF', 'id': 3074775867, 'id_str': '3074775867', 'indices': [0, 7]}, {'screen_name': 'uniinnsbruck', 'name': 'Uni Innsbruck', 'id': 22127500, 'id_str': '22127500', 'indices': [8, 21]}, {'screen_name': 'univienna', 'name': 'Universit√§t Wien', 'id': 1156701156, 'id_str': '1156701156', 'indices': [22, 32]}]",[],en,recent,998864240420311045,998864240420311045,christian haddad,ChristianHddd,"Wien, √ñsterreich","Searching for ways to make ‚Äòfacile gestures more difficult‚Äô ‚Äî Research Fellow @infoOiip, Lecturer @univienna #CriticalPolicyStudies #STS #politicaltheory",https://t.co/f3dq3mxZYo,[],False,209,346,4,Tue May 22 09:52:47 +0000 2018,661,,,False,False,202,,False,False,False,F5F8FA,,,False,http://pbs.twimg.com/profile_images/1014134147093270528/HdLOn8_h_normal.jpg,https://pbs.twimg.com/profile_images/1014134147093270528/HdLOn8_h_normal.jpg,https://pbs.twimg.com/profile_banners/998864240420311045/1530623703,1DA1F2,C0DEED,DDEEF6,333333,True,False,True,False,False,False,False,none,"[{'url': 'https://t.co/f3dq3mxZYo', 'expanded_url': 'http://www.oiip.ac.at', 'display_url': 'oiip.ac.at', 'indices': [0, 23]}]",,,,,,,,,,,,,,,,,,,,,,,,,,,,,,,,,,,,,,,,,,,,,,,,,,,,,,,,,,,,,,,,,,,,,,,,,,,,,,,,,
53,Tue Jan 21 09:12:08 +0000 2020,1219548220080185344,1219548220080185344,"@KatarzynaRetzer @univienna @PetrasekLab Thank you, Kati!",False,"[41, 57]","<a href=""https://mobile.twitter.com"" rel=""nofollow"">Twitter Web App</a>",1.2195434100397752e+18,1219543410039775233,1693658654.0,1693658654,KatarzynaRetzer,,,,,False,0,0,False,False,en,[],[],"[{'screen_name': 'KatarzynaRetzer', 'name': 'Katarzyna Retzer', 'id': 1693658654, 'id_str': '1693658654', 'indices': [0, 16]}, {'screen_name': 'univienna', 'name': 'Universit√§t Wien', 'id': 1156701156, 'id_str': '1156701156', 'indices': [17, 27]}, {'screen_name': 'PetrasekLab', 'name': 'Petr√°≈°ek Lab', 'id': 859745272813027328, 'id_str': '859745272813027328', 'indices': [28, 40]}]",[],en,recent,2382213692,2382213692,Verena Ibl üî¨,VerenaIbl,"Wien, √ñsterreich","plant scientist; cereal seeds; ESCRT and endomembranes, fascinated by live cell imaging & proteomics, University of Vienna, MOSYS; ‚ÄöVI‚Äô indicates privat tweet",https://t.co/5WoSNmBPEL,[],False,350,264,8,Mon Mar 10 14:19:56 +0000 2014,4061,,,False,False,3003,,False,False,False,000000,http://abs.twimg.com/images/themes/theme1/bg.png,https://abs.twimg.com/images/themes/theme1/bg.png,False,http://pbs.twimg.com/profile_images/1174605036212633607/JybKdU_r_normal.png,https://pbs.twimg.com/profile_images/1174605036212633607/JybKdU_r_normal.png,https://pbs.twimg.com/profile_banners/2382213692/1505760838,19CF86,000000,000000,000000,False,False,False,False,False,False,False,none,"[{'url': 'https://t.co/5WoSNmBPEL', 'expanded_url': 'https://mosys.univie.ac.at/research/research-groups/endosperm-subcellular-proteomics/', 'display_url': 'mosys.univie.ac.at/research/resea‚Ä¶', 'indices': [0, 23]}]",,,,,,,,,,,,,,,,,,,,,,,,,,,,,,,,,,,,,,,,,,,,,,,,,,,,,,,,,,,,,,,,,,,,,,,,,,,,,,,,,
56,Tue Jan 21 08:43:22 +0000 2020,1219540980283691008,1219540980283691008,Congrats to our master student Madeleine for receiving the scholarship from @univienna to finish her master work with some additional experiments on the vertical microscope @PetrasekLab and @KatarzynaRetzer! üëçüçæ#barley #germination #roottracking. Thank you all for your support!,False,"[0, 277]","<a href=""https://mobile.twitter.com"" rel=""nofollow"">Twitter Web App</a>",,,,,,,,,,False,2,7,False,False,en,"[{'text': 'barley', 'indices': [210, 217]}, {'text': 'germination', 'indices': [218, 230]}, {'text': 'roottracking', 'indices': [231, 244]}]",[],"[{'screen_name': 'univienna', 'name': 'Universit√§t Wien', 'id': 1156701156, 'id_str': '1156701156', 'indices': [76, 86]}, {'screen_name': 'PetrasekLab', 'name': 'Petr√°≈°ek Lab', 'id': 859745272813027328, 'id_str': '859745272813027328', 'indices': [173, 185]}, {'screen_name': 'KatarzynaRetzer', 'name': 'Katarzyna Retzer', 'id': 1693658654, 'id_str': '1693658654', 'indices': [190, 206]}]",[],en,recent,2382213692,2382213692,Verena Ibl üî¨,VerenaIbl,"Wien, √ñsterreich","plant scientist; cereal seeds; ESCRT and endomembranes, fascinated by live cell imaging & proteomics, University of Vienna, MOSYS; ‚ÄöVI‚Äô indicates privat tweet",https://t.co/5WoSNmBPEL,[],False,350,264,8,Mon Mar 10 14:19:56 +0000 2014,4061,,,False,False,3003,,False,False,False,000000,http://abs.twimg.com/images/themes/theme1/bg.png,https://abs.twimg.com/images/themes/theme1/bg.png,False,http://pbs.twimg.com/profile_images/1174605036212633607/JybKdU_r_normal.png,https://pbs.twimg.com/profile_images/1174605036212633607/JybKdU_r_normal.png,https://pbs.twimg.com/profile_banners/2382213692/1505760838,19CF86,000000,000000,000000,False,False,False,False,False,False,False,none,"[{'url': 'https://t.co/5WoSNmBPEL', 'expanded_url': 'https://mosys.univie.ac.at/research/research-groups/endosperm-subcellular-proteomics/', 'display_url': 'mosys.univie.ac.at/research/resea‚Ä¶', 'indices': [0, 23]}]",,,,,,,,,,,,,,,,,,,,,,,,,,,,,,,,,,,,,,,,,,,,,,,,,,,,,,,,,,,,,,,,,,,,,,,,,,,,,,,,,
60,Mon Jan 20 17:54:28 +0000 2020,1219317283497095169,1219317283497095169,@JudithAAldridge @CriminologyUoM @univienna @OfficialUoM Would this be suitable to advertise to my FE Level 3 criminology students as an insight experience?,False,"[57, 156]","<a href=""http://twitter.com/download/iphone"" rel=""nofollow"">Twitter for iPhone</a>",1.2193140472351089e+18,1219314047235108865,2893472031.0,2893472031,JudithAAldridge,,,,,False,0,0,False,False,en,[],[],"[{'screen_name': 'JudithAAldridge', 'name': 'Judith Aldridge', 'id': 2893472031, 'id_str': '2893472031', 'indices': [0, 16]}, {'screen_name': 'CriminologyUoM', 'name': 'CriminologyUoM', 'id': 1222374236, 'id_str': '1222374236', 'indices': [17, 32]}, {'screen_name': 'univienna', 'name': 'Universit√§t Wien', 'id': 1156701156, 'id_str': '1156701156', 'indices': [33, 43]}, {'screen_name': 'OfficialUoM', 'name': 'The University of Manchester', 'id': 2217874898, 'id_str': '2217874898', 'indices': [44, 56]}]",[],en,recent,1042855666245885955,1042855666245885955,Holly Williamson,hollymaba,"Manchester, England","Criminology and Forensic Science FE tutor. MA Gender Studies. BA (hons) Criminology and Forensic Science. Artist by trade, owner of @cthulhucatcult",https://t.co/3rUFHRvr3F,[],False,79,189,0,Thu Sep 20 19:19:00 +0000 2018,1359,,,True,False,517,,False,False,False,F5F8FA,,,False,http://pbs.twimg.com/profile_images/1214474247269212160/JPEqWl7b_normal.jpg,https://pbs.twimg.com/profile_images/1214474247269212160/JPEqWl7b_normal.jpg,https://pbs.twimg.com/profile_banners/1042855666245885955/1537471755,1DA1F2,C0DEED,DDEEF6,333333,True,False,True,False,False,False,False,none,"[{'url': 'https://t.co/3rUFHRvr3F', 'expanded_url': 'http://www.creepycutecreations.com', 'display_url': 'creepycutecreations.com', 'indices': [0, 23]}]",,,,,,,,,,,,,,,,,,,,,,,,,,,,,,,,,,,,,,,,,,,,,,,,,,,,,,,,,,,,,,,,,,,,,,,315b740b108481f6,https://api.twitter.com/1.1/geo/id/315b740b108481f6.json,city,Manchester,"Manchester, England",GB,United Kingdom,[],Polygon,"[[[-2.319934, 53.343623], [-2.147026, 53.343623], [-2.147026, 53.5702824], [-2.319934, 53.5702824]]]",
62,Mon Jan 20 14:09:37 +0000 2020,1219260697768529921,1219260697768529921,@RaffaelHeiss @AliceBinder1 @CSAustria @_CitizenScience This looks really interesting! Let's exchange notes on #citizenscience #socialscience #politics some time! perhaps at #OECSK2020 @univienna @CSAustria?,False,"[56, 207]","<a href=""https://mobile.twitter.com"" rel=""nofollow"">Twitter Web App</a>",1.2192566751374664e+18,1219256675137466368,2222251457.0,2222251457,RaffaelHeiss,,,,,False,0,1,False,False,en,"[{'text': 'citizenscience', 'indices': [111, 126]}, {'text': 'socialscience', 'indices': [127, 141]}, {'text': 'politics', 'indices': [142, 151]}, {'text': 'OECSK2020', 'indices': [174, 184]}]",[],"[{'screen_name': 'RaffaelHeiss', 'name': 'Raffael Heiss', 'id': 2222251457, 'id_str': '2222251457', 'indices': [0, 13]}, {'screen_name': 'AliceBinder1', 'name': 'Alice Binder', 'id': 1074984477414305792, 'id_str': '1074984477414305792', 'indices': [14, 27]}, {'screen_name': 'CSAustria', 'name': 'Citizen Science Network Austria', 'id': 2794010981, 'id_str': '2794010981', 'indices': [28, 38]}, {'screen_name': '_CitizenScience', 'name': 'Zentrum f√ºr CS', 'id': 4338249377, 'id_str': '4338249377', 'indices': [39, 55]}, {'screen_name': 'univienna', 'name': 'Universit√§t Wien', 'id': 1156701156, 'id_str': '1156701156', 'indices': [185, 195]}, {'screen_name': 'CSAustria', 'name': 'Citizen Science Network Austria', 'id': 2794010981, 'id_str': '2794010981', 'indices': [196, 206]}]",[],en,recent,712617118261514242,712617118261514242,Katharina T. Paul,katharinatpaul,"Vienna, Austria","Social scientist, University of Vienna, Dept. of Political Science & CeSCoS. Interested in all matters of health, vaccination, and data politics.",https://t.co/9VeJm3sK4U,[],False,726,749,16,Wed Mar 23 12:28:55 +0000 2016,1499,,,False,False,538,,False,False,False,F5F8FA,,,False,http://pbs.twimg.com/profile_images/713666700919644160/R5W5h12p_normal.jpg,https://pbs.twimg.com/profile_images/713666700919644160/R5W5h12p_normal.jpg,,1DA1F2,C0DEED,DDEEF6,333333,True,False,True,False,False,False,False,none,"[{'url': 'https://t.co/9VeJm3sK4U', 'expanded_url': 'http://katharinatpaul.at', 'display_url': 'katharinatpaul.at', 'indices': [0, 23]}]",,,,,,,,,,,,,,,,,,,,,,,,,,,,,,,,,,,,,,,,,,,,,,,,,,,,,,,,,,,,,,,,,,,,,,,,,,,,,,,,,
