,created_at,id,id_str,full_text,truncated,display_text_range,source,in_reply_to_status_id,in_reply_to_status_id_str,in_reply_to_user_id,in_reply_to_user_id_str,in_reply_to_screen_name,geo,coordinates,place,contributors,is_quote_status,retweet_count,favorite_count,favorited,retweeted,lang,entities.hashtags,entities.symbols,entities.user_mentions,entities.urls,metadata.iso_language_code,metadata.result_type,user.id,user.id_str,user.name,user.screen_name,user.location,user.description,user.url,user.entities.url.urls,user.entities.description.urls,user.protected,user.followers_count,user.friends_count,user.listed_count,user.created_at,user.favourites_count,user.utc_offset,user.time_zone,user.geo_enabled,user.verified,user.statuses_count,user.lang,user.contributors_enabled,user.is_translator,user.is_translation_enabled,user.profile_background_color,user.profile_background_image_url,user.profile_background_image_url_https,user.profile_background_tile,user.profile_image_url,user.profile_image_url_https,user.profile_banner_url,user.profile_link_color,user.profile_sidebar_border_color,user.profile_sidebar_fill_color,user.profile_text_color,user.profile_use_background_image,user.has_extended_profile,user.default_profile,user.default_profile_image,user.following,user.follow_request_sent,user.notifications,user.translator_type,place.id,place.url,place.place_type,place.name,place.full_name,place.country_code,place.country,place.contained_within,place.bounding_box.type,place.bounding_box.coordinates,retweeted_status.created_at,retweeted_status.id,retweeted_status.id_str,retweeted_status.full_text,retweeted_status.truncated,retweeted_status.display_text_range,retweeted_status.entities.hashtags,retweeted_status.entities.symbols,retweeted_status.entities.user_mentions,retweeted_status.entities.urls,retweeted_status.metadata.iso_language_code,retweeted_status.metadata.result_type,retweeted_status.source,retweeted_status.in_reply_to_status_id,retweeted_status.in_reply_to_status_id_str,retweeted_status.in_reply_to_user_id,retweeted_status.in_reply_to_user_id_str,retweeted_status.in_reply_to_screen_name,retweeted_status.user.id,retweeted_status.user.id_str,retweeted_status.user.name,retweeted_status.user.screen_name,retweeted_status.user.location,retweeted_status.user.description,retweeted_status.user.url,retweeted_status.user.entities.description.urls,retweeted_status.user.protected,retweeted_status.user.followers_count,retweeted_status.user.friends_count,retweeted_status.user.listed_count,retweeted_status.user.created_at,retweeted_status.user.favourites_count,retweeted_status.user.utc_offset,retweeted_status.user.time_zone,retweeted_status.user.geo_enabled,retweeted_status.user.verified,retweeted_status.user.statuses_count,retweeted_status.user.lang,retweeted_status.user.contributors_enabled,retweeted_status.user.is_translator,retweeted_status.user.is_translation_enabled,retweeted_status.user.profile_background_color,retweeted_status.user.profile_background_image_url,retweeted_status.user.profile_background_image_url_https,retweeted_status.user.profile_background_tile,retweeted_status.user.profile_image_url,retweeted_status.user.profile_image_url_https,retweeted_status.user.profile_banner_url,retweeted_status.user.profile_link_color,retweeted_status.user.profile_sidebar_border_color,retweeted_status.user.profile_sidebar_fill_color,retweeted_status.user.profile_text_color,retweeted_status.user.profile_use_background_image,retweeted_status.user.has_extended_profile,retweeted_status.user.default_profile,retweeted_status.user.default_profile_image,retweeted_status.user.following,retweeted_status.user.follow_request_sent,retweeted_status.user.notifications,retweeted_status.user.translator_type,retweeted_status.geo,retweeted_status.coordinates,retweeted_status.place,retweeted_status.contributors,retweeted_status.is_quote_status,retweeted_status.retweet_count,retweeted_status.favorite_count,retweeted_status.favorited,retweeted_status.retweeted,retweeted_status.lang,retweeted_status.user.entities.url.urls
7,Fri Jan 24 20:52:43 +0000 2020,1220811692545847298,1220811692545847298,@Union_Soton @unisouthampton If only there was any guarantee on EU tuition fees and eligibility to study in the UK after 31st January üò≠ #EU #BetterTogether,False,"[29, 155]","<a href=""http://twitter.com/download/iphone"" rel=""nofollow"">Twitter for iPhone</a>",1.2200291627376108e+18,1220029162737610753,102019392.0,102019392,Union_Soton,,,,,False,0,0,False,False,en,"[{'text': 'EU', 'indices': [136, 139]}, {'text': 'BetterTogether', 'indices': [140, 155]}]",[],"[{'screen_name': 'Union_Soton', 'name': 'SUSU', 'id': 102019392, 'id_str': '102019392', 'indices': [0, 12]}, {'screen_name': 'unisouthampton', 'name': 'University of Southampton', 'id': 26203004, 'id_str': '26203004', 'indices': [13, 28]}]",[],en,recent,1215350108478410761,1215350108478410761,Marika Klauza,KlauzaMarika,"Southampton, England",Student Nurse (MSc Adult Nursing)üë©üèº‚Äç‚öïÔ∏è #WeUoSNurses @unisouthampton #YNM2020 | First Responder @enhanced_c_s üöë | Volunteer @stjohnambulance,,,[],False,27,72,0,Thu Jan 09 19:10:30 +0000 2020,52,,,False,False,41,,False,False,False,F5F8FA,,,False,http://pbs.twimg.com/profile_images/1215350364331003906/HWvoqixJ_normal.jpg,https://pbs.twimg.com/profile_images/1215350364331003906/HWvoqixJ_normal.jpg,https://pbs.twimg.com/profile_banners/1215350108478410761/1578598551,1DA1F2,C0DEED,DDEEF6,333333,True,False,True,False,False,False,False,none,,,,,,,,,,,,,,,,,,,,,,,,,,,,,,,,,,,,,,,,,,,,,,,,,,,,,,,,,,,,,,,,,,,,,,,,,,,,,,,,,
10,Fri Jan 24 20:35:00 +0000 2020,1220807232004198408,1220807232004198408,@Sustainable_UoS @unisouthampton Which building is this in please?,False,"[33, 66]","<a href=""http://twitter.com/download/iphone"" rel=""nofollow"">Twitter for iPhone</a>",1.220724357170942e+18,1220724357170941955,454057562.0,454057562,Sustainable_UoS,,,,,False,0,0,False,False,en,[],[],"[{'screen_name': 'Sustainable_UoS', 'name': 'Sustainable Soton', 'id': 454057562, 'id_str': '454057562', 'indices': [0, 16]}, {'screen_name': 'unisouthampton', 'name': 'University of Southampton', 'id': 26203004, 'id_str': '26203004', 'indices': [17, 32]}]",[],en,recent,1215350108478410761,1215350108478410761,Marika Klauza,KlauzaMarika,"Southampton, England",Student Nurse (MSc Adult Nursing)üë©üèº‚Äç‚öïÔ∏è #WeUoSNurses @unisouthampton #YNM2020 | First Responder @enhanced_c_s üöë | Volunteer @stjohnambulance,,,[],False,27,72,0,Thu Jan 09 19:10:30 +0000 2020,52,,,False,False,41,,False,False,False,F5F8FA,,,False,http://pbs.twimg.com/profile_images/1215350364331003906/HWvoqixJ_normal.jpg,https://pbs.twimg.com/profile_images/1215350364331003906/HWvoqixJ_normal.jpg,https://pbs.twimg.com/profile_banners/1215350108478410761/1578598551,1DA1F2,C0DEED,DDEEF6,333333,True,False,True,False,False,False,False,none,,,,,,,,,,,,,,,,,,,,,,,,,,,,,,,,,,,,,,,,,,,,,,,,,,,,,,,,,,,,,,,,,,,,,,,,,,,,,,,,,
11,Fri Jan 24 19:47:36 +0000 2020,1220795306138329088,1220795306138329088,RT @Dr_Ifty_Ahmed: @VCMarkESmith @orctweets @unisouthampton I have my own glass fibre manufacturing facilities too...üòÅ,False,"[0, 118]","<a href=""http://twitter.com/download/iphone"" rel=""nofollow"">Twitter for iPhone</a>",,,,,,,,,,False,1,0,False,False,en,[],[],"[{'screen_name': 'Dr_Ifty_Ahmed', 'name': 'Ifty Ahmed', 'id': 1005072378559434753, 'id_str': '1005072378559434753', 'indices': [3, 17]}, {'screen_name': 'VCMarkESmith', 'name': 'Mark E Smith', 'id': 924942226123259905, 'id_str': '924942226123259905', 'indices': [19, 32]}, {'screen_name': 'orctweets', 'name': 'ORC Southampton', 'id': 2213967338, 'id_str': '2213967338', 'indices': [33, 43]}, {'screen_name': 'unisouthampton', 'name': 'University of Southampton', 'id': 26203004, 'id_str': '26203004', 'indices': [44, 59]}]",[],en,recent,924942226123259905,924942226123259905,Mark E Smith,VCMarkESmith,,"Official account of Professor Mark E Smith, Vice-Chancellor of @unisouthampton - a founder member of the Russell Group and a top 100 university",https://t.co/FjY97XlUHA,"[{'url': 'https://t.co/FjY97XlUHA', 'expanded_url': 'http://www.southampton.ac.uk/', 'display_url': 'southampton.ac.uk', 'indices': [0, 23]}]",[],False,1522,352,6,Mon Oct 30 10:13:06 +0000 2017,1376,,,False,False,1863,,False,False,False,F5F8FA,,,False,http://pbs.twimg.com/profile_images/924945503187587073/Ks5Bg76R_normal.jpg,https://pbs.twimg.com/profile_images/924945503187587073/Ks5Bg76R_normal.jpg,https://pbs.twimg.com/profile_banners/924942226123259905/1569876553,1DA1F2,C0DEED,DDEEF6,333333,True,False,True,False,False,False,False,none,,,,,,,,,,,Fri Jan 24 16:17:15 +0000 2020,1.2207423682505318e+18,1220742368250531840,@VCMarkESmith @orctweets @unisouthampton I have my own glass fibre manufacturing facilities too...üòÅ,False,"[41, 99]",[],[],"[{'screen_name': 'VCMarkESmith', 'name': 'Mark E Smith', 'id': 924942226123259905, 'id_str': '924942226123259905', 'indices': [0, 13]}, {'screen_name': 'orctweets', 'name': 'ORC Southampton', 'id': 2213967338, 'id_str': '2213967338', 'indices': [14, 24]}, {'screen_name': 'unisouthampton', 'name': 'University of Southampton', 'id': 26203004, 'id_str': '26203004', 'indices': [25, 40]}]",[],en,recent,"<a href=""http://twitter.com/download/android"" rel=""nofollow"">Twitter for Android</a>",1.2207101162044498e+18,1220710116204449794,9.249422261232599e+17,924942226123259905,VCMarkESmith,1.0050723785594348e+18,1005072378559434753,Ifty Ahmed,Dr_Ifty_Ahmed,,"Associate Professor at University of Nottingham: Bioengineer, Biomaterials and Advanced Materials researcher (and part-time petrol head)",,[],False,419.0,496.0,2.0,Fri Jun 08 13:01:43 +0000 2018,5846.0,,,False,False,1950.0,,False,False,False,F5F8FA,,,False,http://pbs.twimg.com/profile_images/1128363901400358915/STUSrkMM_normal.jpg,https://pbs.twimg.com/profile_images/1128363901400358915/STUSrkMM_normal.jpg,https://pbs.twimg.com/profile_banners/1005072378559434753/1535556627,1DA1F2,C0DEED,DDEEF6,333333,True,False,True,False,False,False,False,none,,,,,False,1.0,1.0,False,False,en,
21,Fri Jan 24 15:58:28 +0000 2020,1220737639588028416,1220737639588028416,RT @elearnUoS: Thank you @immerseme_vr for offering free subscription: we have a winner here at @ModernLangs @unisouthampton #elearn2020,False,"[0, 136]","<a href=""http://twitter.com/download/android"" rel=""nofollow"">Twitter for Android</a>",,,,,,,,,,False,1,0,False,False,en,"[{'text': 'elearn2020', 'indices': [125, 136]}]",[],"[{'screen_name': 'elearnUoS', 'name': 'eLearning Symposium', 'id': 1100747833, 'id_str': '1100747833', 'indices': [3, 13]}, {'screen_name': 'immerseme_vr', 'name': 'ImmerseMe', 'id': 752130660584742913, 'id_str': '752130660584742913', 'indices': [25, 38]}, {'screen_name': 'ModernLangs', 'name': 'Modern Lang&Ling UoS', 'id': 61283773, 'id_str': '61283773', 'indices': [96, 108]}, {'screen_name': 'unisouthampton', 'name': 'University of Southampton', 'id': 26203004, 'id_str': '26203004', 'indices': [109, 124]}]",[],en,recent,1107707463393050631,1107707463393050631,Dounia Boumaza ÿØŸÜŸäÿß ÿ®ŸàŸÖÿπÿ≤ÿ© üá©üáø,BoumazaDounya,United Kingdom,"EFL teacher.
PhD researcher @unisouthampton. Interested in English as a Multi Lingua Franca.",,,[],False,64,166,0,Mon Mar 18 18:16:54 +0000 2019,927,,,False,False,123,,False,False,False,F5F8FA,,,False,http://pbs.twimg.com/profile_images/1200899946901377028/aegP99nr_normal.jpg,https://pbs.twimg.com/profile_images/1200899946901377028/aegP99nr_normal.jpg,,1DA1F2,C0DEED,DDEEF6,333333,True,True,True,False,False,False,False,none,,,,,,,,,,,Fri Jan 24 15:57:49 +0000 2020,1.2207374782834033e+18,1220737478283403265,Thank you @immerseme_vr for offering free subscription: we have a winner here at @ModernLangs @unisouthampton #elearn2020,False,"[0, 121]","[{'text': 'elearn2020', 'indices': [110, 121]}]",[],"[{'screen_name': 'immerseme_vr', 'name': 'ImmerseMe', 'id': 752130660584742913, 'id_str': '752130660584742913', 'indices': [10, 23]}, {'screen_name': 'ModernLangs', 'name': 'Modern Lang&Ling UoS', 'id': 61283773, 'id_str': '61283773', 'indices': [81, 93]}, {'screen_name': 'unisouthampton', 'name': 'University of Southampton', 'id': 26203004, 'id_str': '26203004', 'indices': [94, 109]}]",[],en,recent,"<a href=""http://twitter.com/download/iphone"" rel=""nofollow"">Twitter for iPhone</a>",,,,,,1100747833.0,1100747833,eLearning Symposium,elearnUoS,,The elearning symposium is an annual conference about the use of technology in Higher Education. #elearn2020,https://t.co/oy4VkzrOxU,[],False,399.0,466.0,6.0,Fri Jan 18 11:43:37 +0000 2013,319.0,,,True,False,913.0,,False,False,False,9AE4E8,http://abs.twimg.com/images/themes/theme16/bg.gif,https://abs.twimg.com/images/themes/theme16/bg.gif,False,http://pbs.twimg.com/profile_images/1194222128037531648/o6OK39QZ_normal.jpg,https://pbs.twimg.com/profile_images/1194222128037531648/o6OK39QZ_normal.jpg,https://pbs.twimg.com/profile_banners/1100747833/1573556125,0084B4,BDDCAD,DDFFCC,333333,True,False,False,False,False,False,False,none,,,,,False,1.0,2.0,False,False,en,"[{'url': 'https://t.co/oy4VkzrOxU', 'expanded_url': 'https://generic.wordpress.soton.ac.uk/elearningsymposium2020/', 'display_url': 'generic.wordpress.soton.ac.uk/elearningsympo‚Ä¶', 'indices': [0, 23]}]"
24,Fri Jan 24 13:21:09 +0000 2020,1220698050051674115,1220698050051674115,@ArtsUniSouth @unisouthampton Welcome Jen!,False,"[30, 42]","<a href=""https://mobile.twitter.com"" rel=""nofollow"">Twitter Web App</a>",1.2195576888431657e+18,1219557688843165697,7.448505195130102e+17,744850519513010179,ArtsUniSouth,,,,,False,0,2,False,False,en,[],[],"[{'screen_name': 'ArtsUniSouth', 'name': 'Arts at University of Southampton', 'id': 744850519513010179, 'id_str': '744850519513010179', 'indices': [0, 13]}, {'screen_name': 'unisouthampton', 'name': 'University of Southampton', 'id': 26203004, 'id_str': '26203004', 'indices': [14, 29]}]",[],en,recent,394618475,394618475,John Hansard Gallery,JHansardGallery,"142-144 Above Bar Street, Southampton, UK","Internationally recognised contemporary art gallery in #Southampton, UK. Part of @unisouthampton, supported by @ace_national. Free Entry ‚Ä¢ #johnhansardgallery",https://t.co/iKEWLtGjyV,"[{'url': 'https://t.co/iKEWLtGjyV', 'expanded_url': 'http://www.jhg.art', 'display_url': 'jhg.art', 'indices': [0, 23]}]",[],False,4487,2089,107,Thu Oct 20 11:04:11 +0000 2011,4541,,,True,False,5141,,False,False,False,C0DEED,http://abs.twimg.com/images/themes/theme1/bg.png,https://abs.twimg.com/images/themes/theme1/bg.png,False,http://pbs.twimg.com/profile_images/900346983747026946/TjSgOBoL_normal.jpg,https://pbs.twimg.com/profile_images/900346983747026946/TjSgOBoL_normal.jpg,https://pbs.twimg.com/profile_banners/394618475/1579013840,0B2161,FFFFFF,DDEEF6,333333,True,False,False,False,False,False,False,none,,,,,,,,,,,,,,,,,,,,,,,,,,,,,,,,,,,,,,,,,,,,,,,,,,,,,,,,,,,,,,,,,,,,,,,,,,,,,,,,,
25,Fri Jan 24 13:20:41 +0000 2020,1220697931696812035,1220697931696812035,@ArtsUniSouth @mollybethellis @unisouthampton @ShowstoppersSot @TurnerSims @Union_Soton Welcome Molly!,False,"[88, 102]","<a href=""https://mobile.twitter.com"" rel=""nofollow"">Twitter Web App</a>",1.2203390853378785e+18,1220339085337878528,7.448505195130102e+17,744850519513010179,ArtsUniSouth,,,,,False,0,4,False,False,en,[],[],"[{'screen_name': 'ArtsUniSouth', 'name': 'Arts at University of Southampton', 'id': 744850519513010179, 'id_str': '744850519513010179', 'indices': [0, 13]}, {'screen_name': 'mollybethellis', 'name': 'Molly Ellis', 'id': 2953992279, 'id_str': '2953992279', 'indices': [14, 29]}, {'screen_name': 'unisouthampton', 'name': 'University of Southampton', 'id': 26203004, 'id_str': '26203004', 'indices': [30, 45]}, {'screen_name': 'ShowstoppersSot', 'name': 'Showstoppers', 'id': 558139529, 'id_str': '558139529', 'indices': [46, 62]}, {'screen_name': 'TurnerSims', 'name': 'Turner Sims', 'id': 161228535, 'id_str': '161228535', 'indices': [63, 74]}, {'screen_name': 'Union_Soton', 'name': 'SUSU', 'id': 102019392, 'id_str': '102019392', 'indices': [75, 87]}]",[],en,recent,394618475,394618475,John Hansard Gallery,JHansardGallery,"142-144 Above Bar Street, Southampton, UK","Internationally recognised contemporary art gallery in #Southampton, UK. Part of @unisouthampton, supported by @ace_national. Free Entry ‚Ä¢ #johnhansardgallery",https://t.co/iKEWLtGjyV,"[{'url': 'https://t.co/iKEWLtGjyV', 'expanded_url': 'http://www.jhg.art', 'display_url': 'jhg.art', 'indices': [0, 23]}]",[],False,4487,2089,107,Thu Oct 20 11:04:11 +0000 2011,4541,,,True,False,5141,,False,False,False,C0DEED,http://abs.twimg.com/images/themes/theme1/bg.png,https://abs.twimg.com/images/themes/theme1/bg.png,False,http://pbs.twimg.com/profile_images/900346983747026946/TjSgOBoL_normal.jpg,https://pbs.twimg.com/profile_images/900346983747026946/TjSgOBoL_normal.jpg,https://pbs.twimg.com/profile_banners/394618475/1579013840,0B2161,FFFFFF,DDEEF6,333333,True,False,False,False,False,False,False,none,,,,,,,,,,,,,,,,,,,,,,,,,,,,,,,,,,,,,,,,,,,,,,,,,,,,,,,,,,,,,,,,,,,,,,,,,,,,,,,,,
26,Fri Jan 24 12:19:11 +0000 2020,1220682456401170432,1220682456401170432,@mcmwright @ISVRsouthampton @UoSEngineering @Gladwell @lborouniversity @unisouthampton Thank you for the amazing information @mcmwright! We have added it to our records for future reference!HartleySpecialC,False,"[87, 205]","<a href=""https://mobile.twitter.com"" rel=""nofollow"">Twitter Web App</a>",1.2204840932107018e+18,1220484093210701824,225908507.0,225908507,mcmwright,,,,,False,0,2,False,False,en,[],[],"[{'screen_name': 'mcmwright', 'name': 'Matthew Wright‚ôø', 'id': 225908507, 'id_str': '225908507', 'indices': [0, 10]}, {'screen_name': 'ISVRsouthampton', 'name': 'ISVRsouthampton', 'id': 1497981414, 'id_str': '1497981414', 'indices': [11, 27]}, {'screen_name': 'UoSEngineering', 'name': 'UoSEngineering', 'id': 2396322025, 'id_str': '2396322025', 'indices': [28, 43]}, {'screen_name': 'Gladwell', 'name': 'Malcolm Gladwell', 'id': 17889970, 'id_str': '17889970', 'indices': [44, 53]}, {'screen_name': 'lborouniversity', 'name': 'Loughborough University', 'id': 63094620, 'id_str': '63094620', 'indices': [54, 70]}, {'screen_name': 'unisouthampton', 'name': 'University of Southampton', 'id': 26203004, 'id_str': '26203004', 'indices': [71, 86]}, {'screen_name': 'mcmwright', 'name': 'Matthew Wright‚ôø', 'id': 225908507, 'id_str': '225908507', 'indices': [125, 135]}]",[],en,recent,1042767454102016001,1042767454102016001,University of Southampton Special Collections,hartleyspecialc,"Southampton, England","The Special Collections houses archive and named printed and rare book collections at the Hartley Library, University of Southampton.",https://t.co/qcTo2DLICI,"[{'url': 'https://t.co/qcTo2DLICI', 'expanded_url': 'https://www.southampton.ac.uk/archives', 'display_url': 'southampton.ac.uk/archives', 'indices': [0, 23]}]",[],False,441,42,2,Thu Sep 20 13:28:29 +0000 2018,495,,,False,False,612,,False,False,False,F5F8FA,,,False,http://pbs.twimg.com/profile_images/1042773909144252421/DVp5Z1nJ_normal.jpg,https://pbs.twimg.com/profile_images/1042773909144252421/DVp5Z1nJ_normal.jpg,https://pbs.twimg.com/profile_banners/1042767454102016001/1537451458,1DA1F2,C0DEED,DDEEF6,333333,True,False,True,False,False,False,False,none,,,,,,,,,,,,,,,,,,,,,,,,,,,,,,,,,,,,,,,,,,,,,,,,,,,,,,,,,,,,,,,,,,,,,,,,,,,,,,,,,
27,Fri Jan 24 11:25:26 +0000 2020,1220668931037331456,1220668931037331456,"RT @MJGriksaitis: Problem with #POCUS teaching is we start too late. We need to teach in undergrad #MedEd 

The future is handheld #ultraso‚Ä¶",False,"[0, 140]","<a href=""http://twitter.com/download/android"" rel=""nofollow"">Twitter for Android</a>",,,,,,,,,,False,4,0,False,False,en,"[{'text': 'POCUS', 'indices': [31, 37]}, {'text': 'MedEd', 'indices': [99, 105]}]",[],"[{'screen_name': 'MJGriksaitis', 'name': 'Michael Griksaitis', 'id': 2564121263, 'id_str': '2564121263', 'indices': [3, 16]}]",[],en,recent,2757934276,2757934276,James Woodward,jwoodward264,,"2nd year Medical Student UoS
                     Southampton Medsoc Secretary",,,[],False,190,250,1,Mon Sep 01 05:07:59 +0000 2014,314,,,False,False,92,,False,False,False,000000,http://abs.twimg.com/images/themes/theme1/bg.png,https://abs.twimg.com/images/themes/theme1/bg.png,False,http://pbs.twimg.com/profile_images/1220668763072278528/uq9Q6J50_normal.jpg,https://pbs.twimg.com/profile_images/1220668763072278528/uq9Q6J50_normal.jpg,https://pbs.twimg.com/profile_banners/2757934276/1558384051,3B94D9,000000,000000,000000,False,False,False,False,False,False,False,none,,,,,,,,,,,Thu Jan 23 17:56:13 +0000 2020,1.2204048879865405e+18,1220404887986540544,"Problem with #POCUS teaching is we start too late. We need to teach in undergrad #MedEd 

The future is handheld #ultrasound assessment. Let‚Äôs train doctors from the start. 

Exciting to meet @ScottBorder1 &amp; @s_d_morton to discuss big research ideas @UoS_Medicine @unisouthampton",False,"[0, 283]","[{'text': 'POCUS', 'indices': [13, 19]}, {'text': 'MedEd', 'indices': [81, 87]}, {'text': 'ultrasound', 'indices': [113, 124]}]",[],"[{'screen_name': 'ScottBorder1', 'name': 'Scott Border', 'id': 714059539, 'id_str': '714059539', 'indices': [192, 205]}, {'screen_name': 's_d_morton', 'name': 'Stuart Morton', 'id': 883335685, 'id_str': '883335685', 'indices': [212, 223]}, {'screen_name': 'UoS_Medicine', 'name': 'Southampton Medicine', 'id': 143428730, 'id_str': '143428730', 'indices': [254, 267]}, {'screen_name': 'unisouthampton', 'name': 'University of Southampton', 'id': 26203004, 'id_str': '26203004', 'indices': [268, 283]}]",[],en,recent,"<a href=""http://twitter.com/download/iphone"" rel=""nofollow"">Twitter for iPhone</a>",,,,,,2564121263.0,2564121263,Michael Griksaitis,MJGriksaitis,"Southampton, England","Consultant #PedsICU @UHSFT. Faculty @UoS_Medicine. Lead for SORT paediatric transport service. Interest #physiology, #POCUS & #MedEd. #SoMe team @PedCritCareMed",https://t.co/6WvcMOY1xR,[],False,1973.0,558.0,17.0,Sun May 25 21:02:21 +0000 2014,2191.0,,,True,False,2848.0,,False,False,False,C0DEED,http://abs.twimg.com/images/themes/theme1/bg.png,https://abs.twimg.com/images/themes/theme1/bg.png,False,http://pbs.twimg.com/profile_images/901191976527310852/QhkIu_I3_normal.jpg,https://pbs.twimg.com/profile_images/901191976527310852/QhkIu_I3_normal.jpg,https://pbs.twimg.com/profile_banners/2564121263/1503695888,1DA1F2,C0DEED,DDEEF6,333333,True,False,True,False,False,False,False,none,,,,,False,4.0,40.0,False,False,en,"[{'url': 'https://t.co/6WvcMOY1xR', 'expanded_url': 'http://www.sort.nhs.uk', 'display_url': 'sort.nhs.uk', 'indices': [0, 23]}]"
28,Fri Jan 24 11:22:50 +0000 2020,1220668275979407362,1220668275979407362,@MJGriksaitis @ScottBorder1 @s_d_morton @UoS_Medicine @unisouthampton One of my favourite tutorials was when I had an ultrasound performed on me and displayed on screens to the class! It really helped me to cement anatomical ideas while also learning to interpret ultrasounds using my knowledge of anatomy. Would be extremely keen for more of this!,False,"[70, 348]","<a href=""http://twitter.com/download/android"" rel=""nofollow"">Twitter for Android</a>",1.2204048879865405e+18,1220404887986540544,2564121263.0,2564121263,MJGriksaitis,,,,,False,0,5,False,False,en,[],[],"[{'screen_name': 'MJGriksaitis', 'name': 'Michael Griksaitis', 'id': 2564121263, 'id_str': '2564121263', 'indices': [0, 13]}, {'screen_name': 'ScottBorder1', 'name': 'Scott Border', 'id': 714059539, 'id_str': '714059539', 'indices': [14, 27]}, {'screen_name': 's_d_morton', 'name': 'Stuart Morton', 'id': 883335685, 'id_str': '883335685', 'indices': [28, 39]}, {'screen_name': 'UoS_Medicine', 'name': 'Southampton Medicine', 'id': 143428730, 'id_str': '143428730', 'indices': [40, 53]}, {'screen_name': 'unisouthampton', 'name': 'University of Southampton', 'id': 26203004, 'id_str': '26203004', 'indices': [54, 69]}]",[],en,recent,2757934276,2757934276,James Woodward,jwoodward264,,"2nd year Medical Student UoS
                     Southampton Medsoc Secretary",,,[],False,190,250,1,Mon Sep 01 05:07:59 +0000 2014,314,,,False,False,92,,False,False,False,000000,http://abs.twimg.com/images/themes/theme1/bg.png,https://abs.twimg.com/images/themes/theme1/bg.png,False,http://pbs.twimg.com/profile_images/1220668763072278528/uq9Q6J50_normal.jpg,https://pbs.twimg.com/profile_images/1220668763072278528/uq9Q6J50_normal.jpg,https://pbs.twimg.com/profile_banners/2757934276/1558384051,3B94D9,000000,000000,000000,False,False,False,False,False,False,False,none,,,,,,,,,,,,,,,,,,,,,,,,,,,,,,,,,,,,,,,,,,,,,,,,,,,,,,,,,,,,,,,,,,,,,,,,,,,,,,,,,
30,Fri Jan 24 07:38:43 +0000 2020,1220611876322709504,1220611876322709504,@ProfDBaralle @FoGenomics @unisouthampton @UoS_Medicine Looking forward to this next week!,False,"[56, 90]","<a href=""https://mobile.twitter.com"" rel=""nofollow"">Twitter Web App</a>",1.2204244592046776e+18,1220424459204677632,7.557511941113774e+17,755751194111377409,ProfDBaralle,,,,,False,0,2,False,False,en,[],[],"[{'screen_name': 'ProfDBaralle', 'name': 'Diana Baralle', 'id': 755751194111377409, 'id_str': '755751194111377409', 'indices': [0, 13]}, {'screen_name': 'FoGenomics', 'name': 'Festival of Genomics', 'id': 855001992539897856, 'id_str': '855001992539897856', 'indices': [14, 25]}, {'screen_name': 'unisouthampton', 'name': 'University of Southampton', 'id': 26203004, 'id_str': '26203004', 'indices': [26, 41]}, {'screen_name': 'UoS_Medicine', 'name': 'Southampton Medicine', 'id': 143428730, 'id_str': '143428730', 'indices': [42, 55]}]",[],en,recent,320901577,320901577,Dr Jade Forster,JadeForster,England,"Mummy, cancer (genomics) research scientist at UoS, STEM ambassador, gin/tea drinker. Life is hectic.

https://t.co/jLmX3gor66‚Ä¶",,,"[{'url': 'https://t.co/jLmX3gor66', 'expanded_url': 'http://researchgate.net/profile/Jade_F', 'display_url': 'researchgate.net/profile/Jade_F', 'indices': [103, 126]}]",False,122,274,5,Mon Jun 20 18:19:59 +0000 2011,1181,,,False,False,649,,False,False,False,000000,http://abs.twimg.com/images/themes/theme13/bg.gif,https://abs.twimg.com/images/themes/theme13/bg.gif,False,http://pbs.twimg.com/profile_images/1181951310096195584/vZU_iVM4_normal.jpg,https://pbs.twimg.com/profile_images/1181951310096195584/vZU_iVM4_normal.jpg,https://pbs.twimg.com/profile_banners/320901577/1391336984,19CF86,000000,000000,000000,False,False,False,False,False,False,False,none,,,,,,,,,,,,,,,,,,,,,,,,,,,,,,,,,,,,,,,,,,,,,,,,,,,,,,,,,,,,,,,,,,,,,,,,,,,,,,,,,
33,Thu Jan 23 23:08:59 +0000 2020,1220483598270246913,1220483598270246913,@MJGriksaitis @ScottBorder1 @UoS_Medicine @unisouthampton Thanks @MJGriksaitis Really glad to get the ball rolling! üòâ,False,"[58, 117]","<a href=""http://twitter.com/download/iphone"" rel=""nofollow"">Twitter for iPhone</a>",1.2204048879865405e+18,1220404887986540544,2564121263.0,2564121263,MJGriksaitis,,,,,False,0,1,False,False,en,[],[],"[{'screen_name': 'MJGriksaitis', 'name': 'Michael Griksaitis', 'id': 2564121263, 'id_str': '2564121263', 'indices': [0, 13]}, {'screen_name': 'ScottBorder1', 'name': 'Scott Border', 'id': 714059539, 'id_str': '714059539', 'indices': [14, 27]}, {'screen_name': 'UoS_Medicine', 'name': 'Southampton Medicine', 'id': 143428730, 'id_str': '143428730', 'indices': [28, 41]}, {'screen_name': 'unisouthampton', 'name': 'University of Southampton', 'id': 26203004, 'id_str': '26203004', 'indices': [42, 57]}, {'screen_name': 'MJGriksaitis', 'name': 'Michael Griksaitis', 'id': 2564121263, 'id_str': '2564121263', 'indices': [65, 78]}]",[],en,recent,883335685,883335685,Stuart Morton,s_d_morton,"Southampton, England",Teach Anatomy and MedEd Researcher @UniSouthampton. Formally @UniofOxford and @UniPadova,https://t.co/Rz3z3ikMeZ,"[{'url': 'https://t.co/Rz3z3ikMeZ', 'expanded_url': 'https://www.southampton.ac.uk/medicine/about/staff/sdm1e15.page', 'display_url': 'southampton.ac.uk/medicine/about‚Ä¶', 'indices': [0, 23]}]",[],False,104,142,0,Mon Oct 15 23:34:43 +0000 2012,47,,,True,False,39,,False,False,False,C6E2EE,http://abs.twimg.com/images/themes/theme2/bg.gif,https://abs.twimg.com/images/themes/theme2/bg.gif,False,http://pbs.twimg.com/profile_images/2871792152/24ce1101d96b4a8af8e620b8012e450a_normal.jpeg,https://pbs.twimg.com/profile_images/2871792152/24ce1101d96b4a8af8e620b8012e450a_normal.jpeg,https://pbs.twimg.com/profile_banners/883335685/1386027751,1F98C7,C6E2EE,DAECF4,663B12,True,False,False,False,False,False,False,none,,,,,,,,,,,,,,,,,,,,,,,,,,,,,,,,,,,,,,,,,,,,,,,,,,,,,,,,,,,,,,,,,,,,,,,,,,,,,,,,,
34,Thu Jan 23 23:02:16 +0000 2020,1220481903985295361,1220481903985295361,"@ellisb_trains Yep, @unisouthampton not understanding road signs again",False,"[15, 70]","<a href=""https://mobile.twitter.com"" rel=""nofollow"">Twitter Web App</a>",1.2204559874648064e+18,1220455987464806401,1.0033330868542382e+18,1003333086854238208,ellisb_trains,,,,,False,0,1,False,False,en,[],[],"[{'screen_name': 'ellisb_trains', 'name': 'Ellis', 'id': 1003333086854238208, 'id_str': '1003333086854238208', 'indices': [0, 14]}, {'screen_name': 'unisouthampton', 'name': 'University of Southampton', 'id': 26203004, 'id_str': '26203004', 'indices': [20, 35]}]",[],en,recent,783001541368225792,783001541368225792,Nathan_A_RF,Nathan_A_RF,University of Southampton,Studying MEng Civil Engineering at University of Southampton. Here it's mainly signs,https://t.co/zkLz2ofaOf,"[{'url': 'https://t.co/zkLz2ofaOf', 'expanded_url': 'https://www.youtube.com/channel/UCGvL6krj46iiCITHHPT2j1Q', 'display_url': 'youtube.com/channel/UCGvL6‚Ä¶', 'indices': [0, 23]}]",[],False,43,20,2,Mon Oct 03 17:51:29 +0000 2016,1699,,,False,False,197,,False,False,False,F5F8FA,,,False,http://pbs.twimg.com/profile_images/1169188902760042497/CpRU7XSd_normal.jpg,https://pbs.twimg.com/profile_images/1169188902760042497/CpRU7XSd_normal.jpg,https://pbs.twimg.com/profile_banners/783001541368225792/1567591334,1DA1F2,C0DEED,DDEEF6,333333,True,True,True,False,False,False,False,none,,,,,,,,,,,,,,,,,,,,,,,,,,,,,,,,,,,,,,,,,,,,,,,,,,,,,,,,,,,,,,,,,,,,,,,,,,,,,,,,,
35,Thu Jan 23 22:47:56 +0000 2020,1220478298838437889,1220478298838437889,@RachelAnnMills @unisouthampton @UniAuckland Wow! Bite their hands off....,False,"[45, 74]","<a href=""http://twitter.com/download/iphone"" rel=""nofollow"">Twitter for iPhone</a>",1.2204327186490532e+18,1220432718649053184,108745875.0,108745875,RachelAnnMills,,,,,False,0,0,False,False,en,[],[],"[{'screen_name': 'RachelAnnMills', 'name': 'Rachel Mills', 'id': 108745875, 'id_str': '108745875', 'indices': [0, 15]}, {'screen_name': 'unisouthampton', 'name': 'University of Southampton', 'id': 26203004, 'id_str': '26203004', 'indices': [16, 31]}, {'screen_name': 'UniAuckland', 'name': 'Uni of Auckland', 'id': 35950497, 'id_str': '35950497', 'indices': [32, 44]}]",[],en,recent,251269209,251269209,Karen Woods,kwjourno,Southern England,"Writer, broadcaster, communications person, student of wine and professional traveller (oh, if only). Currently on a mission to visit every country in Europe...",https://t.co/iR99KSv5c1,"[{'url': 'https://t.co/iR99KSv5c1', 'expanded_url': 'http://www.karenwoods.biz', 'display_url': 'karenwoods.biz', 'indices': [0, 23]}]",[],False,691,694,23,Sat Feb 12 19:57:02 +0000 2011,9945,,,True,False,8829,,False,False,False,0099B9,http://abs.twimg.com/images/themes/theme4/bg.gif,https://abs.twimg.com/images/themes/theme4/bg.gif,False,http://pbs.twimg.com/profile_images/1109071111348776962/J0BTasra_normal.jpg,https://pbs.twimg.com/profile_images/1109071111348776962/J0BTasra_normal.jpg,https://pbs.twimg.com/profile_banners/251269209/1553258134,B84000,5ED4DC,95E8EC,3C3940,True,False,False,False,False,False,False,none,,,,,,,,,,,,,,,,,,,,,,,,,,,,,,,,,,,,,,,,,,,,,,,,,,,,,,,,,,,,,,,,,,,,,,,,,,,,,,,,,
47,Thu Jan 23 15:37:36 +0000 2020,1220370002282455040,1220370002282455040,@MilesHolderUK @Union_Soton @unisouthampton Let us know what you think we could do better to make everyone feel welcome!,False,"[44, 120]","<a href=""https://mobile.twitter.com"" rel=""nofollow"">Twitter Web App</a>",1.2200538035353395e+18,1220053803535339521,785189676.0,785189676,MilesHolderUK,,,,,False,0,1,False,False,en,[],[],"[{'screen_name': 'MilesHolderUK', 'name': 'Miles Holder', 'id': 785189676, 'id_str': '785189676', 'indices': [0, 14]}, {'screen_name': 'Union_Soton', 'name': 'SUSU', 'id': 102019392, 'id_str': '102019392', 'indices': [15, 27]}, {'screen_name': 'unisouthampton', 'name': 'University of Southampton', 'id': 26203004, 'id_str': '26203004', 'indices': [28, 43]}]",[],en,recent,1145969751350546438,1145969751350546438,"Fiona Sunderland, SUSU VP Activities",SUSU_Activities,"Southampton, England","I'm Fiona, VP Activities at @Union_Soton, representing the interests of 24,000 students at @unisouthampton üè≥Ô∏è‚Äçüåàüé∂üìïüëæüé®",,,[],False,91,283,0,Tue Jul 02 08:17:34 +0000 2019,44,,,False,False,53,,False,False,False,F5F8FA,,,False,http://pbs.twimg.com/profile_images/1145970042493972480/Ydqf1T5B_normal.jpg,https://pbs.twimg.com/profile_images/1145970042493972480/Ydqf1T5B_normal.jpg,https://pbs.twimg.com/profile_banners/1145969751350546438/1562056032,1DA1F2,C0DEED,DDEEF6,333333,True,False,True,False,False,False,False,none,,,,,,,,,,,,,,,,,,,,,,,,,,,,,,,,,,,,,,,,,,,,,,,,,,,,,,,,,,,,,,,,,,,,,,,,,,,,,,,,,
48,Thu Jan 23 12:37:20 +0000 2020,1220324636451164164,1220324636451164164,@ryanjavanshir @Southampton_MY @unisouthampton That‚Äôs our campus in Malaysia. Very exotic but has a full complement of mechanical engineering and electronics labs to teach our engineering courses in Malaysia. Neat üòä,False,"[47, 215]","<a href=""http://twitter.com/download/iphone"" rel=""nofollow"">Twitter for iPhone</a>",1.2203019897262572e+18,1220301989726257153,142033592.0,142033592,ryanjavanshir,,,,,False,0,3,False,False,en,[],[],"[{'screen_name': 'ryanjavanshir', 'name': 'Ryan Javanshir', 'id': 142033592, 'id_str': '142033592', 'indices': [0, 14]}, {'screen_name': 'Southampton_MY', 'name': 'University of Southampton Malaysia', 'id': 702781612895838208, 'id_str': '702781612895838208', 'indices': [15, 30]}, {'screen_name': 'unisouthampton', 'name': 'University of Southampton', 'id': 26203004, 'id_str': '26203004', 'indices': [31, 46]}]",[],en,recent,36024756,36024756,Wendy Hall,DameWendyDBE,,"UK AI Skills Champion. Passionate about Web Science, women in science and engineering, and shopping!",https://t.co/8x2QGAloQ8,"[{'url': 'https://t.co/8x2QGAloQ8', 'expanded_url': 'http://www.ecs.soton.ac.uk/~wh', 'display_url': 'ecs.soton.ac.uk/~wh', 'indices': [0, 23]}]",[],False,10179,357,380,Tue Apr 28 08:59:08 +0000 2009,1191,,,False,True,6936,,False,False,False,C0DEED,http://abs.twimg.com/images/themes/theme1/bg.png,https://abs.twimg.com/images/themes/theme1/bg.png,False,http://pbs.twimg.com/profile_images/188072445/wendybyjack_normal.JPG,https://pbs.twimg.com/profile_images/188072445/wendybyjack_normal.JPG,https://pbs.twimg.com/profile_banners/36024756/1510052580,1DA1F2,C0DEED,DDEEF6,333333,True,False,True,False,False,False,False,none,,,,,,,,,,,,,,,,,,,,,,,,,,,,,,,,,,,,,,,,,,,,,,,,,,,,,,,,,,,,,,,,,,,,,,,,,,,,,,,,,
54,Thu Jan 23 08:02:23 +0000 2020,1220255441793495041,1220255441793495041,@apaie2020 @douglasjproctor Hey Peeps - I‚Äôm going to be there representing @unisouthampton so you better light up the United Kingdom in your map!!,False,"[28, 146]","<a href=""http://twitter.com/#!/download/ipad"" rel=""nofollow"">Twitter for iPad</a>",1.2201831349579735e+18,1220183134957973504,1.0958515762776883e+18,1095851576277688320,apaie2020,,,,,False,0,2,False,False,en,[],[],"[{'screen_name': 'apaie2020', 'name': 'APAIE2020', 'id': 1095851576277688320, 'id_str': '1095851576277688320', 'indices': [0, 10]}, {'screen_name': 'douglasjproctor', 'name': 'Douglas Proctor', 'id': 442693691, 'id_str': '442693691', 'indices': [11, 27]}, {'screen_name': 'unisouthampton', 'name': 'University of Southampton', 'id': 26203004, 'id_str': '26203004', 'indices': [75, 90]}]",[],en,recent,362905490,362905490,Keith Johnstone,KeithyTweets,"Southampton, United Kingdom",Director of International Relations @unisouthampton (thoughts & comments do not always represent those of the University) #diplomacyineducation,https://t.co/pZfpqLRfps,"[{'url': 'https://t.co/pZfpqLRfps', 'expanded_url': 'http://www.southampton.ac.uk', 'display_url': 'southampton.ac.uk', 'indices': [0, 23]}]",[],False,368,744,2,Sat Aug 27 05:22:04 +0000 2011,1958,,,True,False,676,,False,False,False,352726,http://abs.twimg.com/images/themes/theme5/bg.gif,https://abs.twimg.com/images/themes/theme5/bg.gif,False,http://pbs.twimg.com/profile_images/1180921354306097152/pI-iKCox_normal.jpg,https://pbs.twimg.com/profile_images/1180921354306097152/pI-iKCox_normal.jpg,https://pbs.twimg.com/profile_banners/362905490/1552232322,1B95E0,FFFFFF,99CC33,3E4415,True,True,False,False,False,False,False,none,,,,,,,,,,,,,,,,,,,,,,,,,,,,,,,,,,,,,,,,,,,,,,,,,,,,,,,,,,,,,,,,,,,,,,,,,,,,,,,,,
56,Thu Jan 23 07:14:26 +0000 2020,1220243374780960768,1220243374780960768,@Sustainable_UoS @unisouthampton @Natures_Voice Definitly looks like a song thrush :),False,"[48, 85]","<a href=""http://twitter.com/download/iphone"" rel=""nofollow"">Twitter for iPhone</a>",1.220007739709104e+18,1220007739709104128,454057562.0,454057562,Sustainable_UoS,,,,,False,0,2,False,False,en,[],[],"[{'screen_name': 'Sustainable_UoS', 'name': 'Sustainable Soton', 'id': 454057562, 'id_str': '454057562', 'indices': [0, 16]}, {'screen_name': 'unisouthampton', 'name': 'University of Southampton', 'id': 26203004, 'id_str': '26203004', 'indices': [17, 32]}, {'screen_name': 'Natures_Voice', 'name': 'RSPB', 'id': 19255050, 'id_str': '19255050', 'indices': [33, 47]}]",[],en,recent,1215196675922374656,1215196675922374656,Mary-Jo,_maryj0,,Zoology Graduate ü¶ãü¶Üüë©üèº‚Äçüéì Student Nurse üë©üèº‚Äç‚öïÔ∏è @unisouthampton #WeUoSNurses,,,[],False,26,79,0,Thu Jan 09 09:00:50 +0000 2020,15,,,False,False,13,,False,False,False,F5F8FA,,,False,http://pbs.twimg.com/profile_images/1215196929761607681/cHkjXM7b_normal.jpg,https://pbs.twimg.com/profile_images/1215196929761607681/cHkjXM7b_normal.jpg,,1DA1F2,C0DEED,DDEEF6,333333,True,False,True,False,False,False,False,none,,,,,,,,,,,,,,,,,,,,,,,,,,,,,,,,,,,,,,,,,,,,,,,,,,,,,,,,,,,,,,,,,,,,,,,,,,,,,,,,,
58,Wed Jan 22 21:05:13 +0000 2020,1220090063171833856,1220090063171833856,@ProfBenthos @WinSciCentre @OES_MBERG @GodboldJasmin @EchinoChiz @Shieldingafar @unisouthampton Looks great @ProfBenthos - can‚Äôt wait to see it!,False,"[96, 144]","<a href=""http://twitter.com/download/iphone"" rel=""nofollow"">Twitter for iPhone</a>",1.2199024355458294e+18,1219902435545829376,9.561842322583429e+17,956184232258342912,ProfBenthos,,,,,False,0,0,False,False,en,[],[],"[{'screen_name': 'ProfBenthos', 'name': 'Prof. Martin Solan', 'id': 956184232258342912, 'id_str': '956184232258342912', 'indices': [0, 12]}, {'screen_name': 'WinSciCentre', 'name': 'Winchester Science Centre', 'id': 20224976, 'id_str': '20224976', 'indices': [13, 26]}, {'screen_name': 'OES_MBERG', 'name': 'MBERG', 'id': 955804345609719809, 'id_str': '955804345609719809', 'indices': [27, 37]}, {'screen_name': 'GodboldJasmin', 'name': 'Jasmin Godbold', 'id': 1011580598069100544, 'id_str': '1011580598069100544', 'indices': [38, 52]}, {'screen_name': 'EchinoChiz', 'name': 'Christina L Wood', 'id': 20516447, 'id_str': '20516447', 'indices': [53, 64]}, {'screen_name': 'Shieldingafar', 'name': 'Dr Sarah Fielding', 'id': 763264848, 'id_str': '763264848', 'indices': [65, 79]}, {'screen_name': 'unisouthampton', 'name': 'University of Southampton', 'id': 26203004, 'id_str': '26203004', 'indices': [80, 95]}, {'screen_name': 'ProfBenthos', 'name': 'Prof. Martin Solan', 'id': 956184232258342912, 'id_str': '956184232258342912', 'indices': [108, 120]}]",[],en,recent,3879304395,3879304395,Gavin Foster,theFosterlab,University of Southampton,"Palaeoclimatologist and isotope geochemist at the University of Southampton. Tweets about climate science, geology, and politics.  Views my own",https://t.co/5gFPlhPMlu,"[{'url': 'https://t.co/5gFPlhPMlu', 'expanded_url': 'http://www.thefosterlab.org', 'display_url': 'thefosterlab.org', 'indices': [0, 23]}]",[],False,2158,501,44,Tue Oct 06 09:37:59 +0000 2015,18651,,,False,False,10232,,False,False,False,C0DEED,http://abs.twimg.com/images/themes/theme1/bg.png,https://abs.twimg.com/images/themes/theme1/bg.png,False,http://pbs.twimg.com/profile_images/1088750668276482048/s7k_F5M__normal.jpg,https://pbs.twimg.com/profile_images/1088750668276482048/s7k_F5M__normal.jpg,https://pbs.twimg.com/profile_banners/3879304395/1444125140,1DA1F2,C0DEED,DDEEF6,333333,True,False,True,False,False,False,False,none,,,,,,,,,,,,,,,,,,,,,,,,,,,,,,,,,,,,,,,,,,,,,,,,,,,,,,,,,,,,,,,,,,,,,,,,,,,,,,,,,
59,Wed Jan 22 20:58:24 +0000 2020,1220088345092677633,1220088345092677633,@Union_Soton @unisouthampton HIGHLY APPRECIATE THE INCLUSIVITY OF @unisouthampton üëå,False,"[29, 83]","<a href=""http://twitter.com/download/android"" rel=""nofollow"">Twitter for Android</a>",1.2200291627376108e+18,1220029162737610753,102019392.0,102019392,Union_Soton,,,,,False,0,2,False,False,en,[],[],"[{'screen_name': 'Union_Soton', 'name': 'SUSU', 'id': 102019392, 'id_str': '102019392', 'indices': [0, 12]}, {'screen_name': 'unisouthampton', 'name': 'University of Southampton', 'id': 26203004, 'id_str': '26203004', 'indices': [13, 28]}, {'screen_name': 'unisouthampton', 'name': 'University of Southampton', 'id': 26203004, 'id_str': '26203004', 'indices': [66, 81]}]",[],en,recent,132914528,132914528,Rahul Bharti Vijay,rahuldxb1,,University of Southampton | ECEGEEK | TECHFREAK | EMIN∆éM | RAP | UAE üá¶üá™ | SMARTDUBAI üá¶üá™ | 5G | IoT,,,[],False,66,66,13,Wed Apr 14 14:22:02 +0000 2010,2580,,,False,False,4905,,False,False,False,1A1234,http://abs.twimg.com/images/themes/theme17/bg.gif,https://abs.twimg.com/images/themes/theme17/bg.gif,True,http://pbs.twimg.com/profile_images/1212498608697663488/ryxo8TqJ_normal.jpg,https://pbs.twimg.com/profile_images/1212498608697663488/ryxo8TqJ_normal.jpg,https://pbs.twimg.com/profile_banners/132914528/1573134013,DD2E44,000000,E6F6F9,333333,True,False,False,False,False,False,False,none,,,,,,,,,,,,,,,,,,,,,,,,,,,,,,,,,,,,,,,,,,,,,,,,,,,,,,,,,,,,,,,,,,,,,,,,,,,,,,,,,
60,Wed Jan 22 20:07:09 +0000 2020,1220075449423933448,1220075449423933448,"@MilesHolderUK @Union_Soton @unisouthampton Sorry you feel that making our students feel welcome is virtue signalling! If you have any ideas on how the Union can best represent you, please email us or even nominate yourself for a position üéâ",False,"[44, 240]","<a href=""http://twitter.com/download/android"" rel=""nofollow"">Twitter for Android</a>",1.2200538035353395e+18,1220053803535339521,785189676.0,785189676,MilesHolderUK,,,,,False,0,2,False,False,en,[],[],"[{'screen_name': 'MilesHolderUK', 'name': 'Miles Holder', 'id': 785189676, 'id_str': '785189676', 'indices': [0, 14]}, {'screen_name': 'Union_Soton', 'name': 'SUSU', 'id': 102019392, 'id_str': '102019392', 'indices': [15, 27]}, {'screen_name': 'unisouthampton', 'name': 'University of Southampton', 'id': 26203004, 'id_str': '26203004', 'indices': [28, 43]}]",[],en,recent,737941956324655104,737941956324655104,"Laura, SUSU VP Welfare & Community",SUSU_WelCom,"Southampton, England","I'm Laura, VP Welfare & Community at @Union_Soton, representing the interests of 24,000 students at @unisouthampton",https://t.co/k7AdgAzj5p,"[{'url': 'https://t.co/k7AdgAzj5p', 'expanded_url': 'http://susu.org', 'display_url': 'susu.org', 'indices': [0, 23]}]",[],False,671,1170,11,Wed Jun 01 09:40:47 +0000 2016,1015,,,True,False,1211,,False,False,False,000000,http://abs.twimg.com/images/themes/theme1/bg.png,https://abs.twimg.com/images/themes/theme1/bg.png,False,http://pbs.twimg.com/profile_images/1144594709052121089/aTOaPXvw_normal.png,https://pbs.twimg.com/profile_images/1144594709052121089/aTOaPXvw_normal.png,https://pbs.twimg.com/profile_banners/737941956324655104/1567189890,91D2FA,000000,000000,000000,False,False,False,False,False,False,False,none,,,,,,,,,,,,,,,,,,,,,,,,,,,,,,,,,,,,,,,,,,,,,,,,,,,,,,,,,,,,,,,,,,,,,,,,,,,,,,,,,
64,Wed Jan 22 18:41:08 +0000 2020,1220053803535339521,1220053803535339521,@Union_Soton @unisouthampton Can you do anything other than virtue signalling?,False,"[29, 78]","<a href=""http://twitter.com/download/iphone"" rel=""nofollow"">Twitter for iPhone</a>",1.2200291627376108e+18,1220029162737610753,102019392.0,102019392,Union_Soton,,,,,False,0,6,False,False,en,[],[],"[{'screen_name': 'Union_Soton', 'name': 'SUSU', 'id': 102019392, 'id_str': '102019392', 'indices': [0, 12]}, {'screen_name': 'unisouthampton', 'name': 'University of Southampton', 'id': 26203004, 'id_str': '26203004', 'indices': [13, 28]}]",[],en,recent,785189676,785189676,Miles Holder,MilesHolderUK,Hampshire,Conservative. Brexiteer. Student @unisouthampton.,https://t.co/jUSUuY4rDg,"[{'url': 'https://t.co/jUSUuY4rDg', 'expanded_url': 'http://medium.com/@milesholder', 'display_url': 'medium.com/@milesholder', 'indices': [0, 23]}]",[],False,1487,982,18,Mon Aug 27 18:12:27 +0000 2012,58020,,,True,False,17524,,False,False,False,B2DFDA,http://abs.twimg.com/images/themes/theme13/bg.gif,https://abs.twimg.com/images/themes/theme13/bg.gif,False,http://pbs.twimg.com/profile_images/1124755310915280896/2krgil5I_normal.jpg,https://pbs.twimg.com/profile_images/1124755310915280896/2krgil5I_normal.jpg,https://pbs.twimg.com/profile_banners/785189676/1546174350,93A644,EEEEEE,FFFFFF,333333,True,True,False,False,False,False,False,regular,,,,,,,,,,,,,,,,,,,,,,,,,,,,,,,,,,,,,,,,,,,,,,,,,,,,,,,,,,,,,,,,,,,,,,,,,,,,,,,,,
66,Wed Jan 22 18:12:55 +0000 2020,1220046701442060289,1220046701442060289,@astrogreek Congratulations and a very warm welcome to @unisouthampton üåü,False,"[12, 72]","<a href=""http://twitter.com/download/iphone"" rel=""nofollow"">Twitter for iPhone</a>",1.2199945701021164e+18,1219994570102116353,219545939.0,219545939,astrogreek,,,,,False,0,2,False,False,en,[],[],"[{'screen_name': 'astrogreek', 'name': 'Zoe Zontou \U0001fa90', 'id': 219545939, 'id_str': '219545939', 'indices': [0, 11]}, {'screen_name': 'unisouthampton', 'name': 'University of Southampton', 'id': 26203004, 'id_str': '26203004', 'indices': [55, 70]}]",[],en,recent,1033286888063463424,1033286888063463424,Allison Stratford,UoSCommsAllison,University of Southampton,Proud Head of Corporate Communications at University of Southampton. Tweeting about the place and the people. I love latte and ü•ï cake.,https://t.co/oLfaBFEqYe,"[{'url': 'https://t.co/oLfaBFEqYe', 'expanded_url': 'http://Www.southampton.ac.uk', 'display_url': 'southampton.ac.uk', 'indices': [0, 23]}]",[],False,769,1247,5,Sat Aug 25 09:36:06 +0000 2018,8481,,,True,False,3157,,False,False,False,F5F8FA,,,False,http://pbs.twimg.com/profile_images/1208026038627950593/k8MckLo8_normal.jpg,https://pbs.twimg.com/profile_images/1208026038627950593/k8MckLo8_normal.jpg,https://pbs.twimg.com/profile_banners/1033286888063463424/1578341011,1DA1F2,C0DEED,DDEEF6,333333,True,False,True,False,False,False,False,none,,,,,,,,,,,,,,,,,,,,,,,,,,,,,,,,,,,,,,,,,,,,,,,,,,,,,,,,,,,,,,,,,,,,,,,,,,,,,,,,,
67,Wed Jan 22 17:51:20 +0000 2020,1220041269491249153,1220041269491249153,"@unisouthampton Good call, guys. Who doesn‚Äôt love a cute ducky?",False,"[16, 63]","<a href=""http://twitter.com/download/iphone"" rel=""nofollow"">Twitter for iPhone</a>",1.2199743533512704e+18,1219974353351270401,26203004.0,26203004,unisouthampton,,,,,False,0,2,False,False,en,[],[],"[{'screen_name': 'unisouthampton', 'name': 'University of Southampton', 'id': 26203004, 'id_str': '26203004', 'indices': [0, 15]}]",[],en,recent,3098858115,3098858115,UoS Pulse,UoSLGBT,University of Southampton,"A network for @UniSouthampton staff who identify as gay, lesbian, bisexual, trans, asexual, queer, non-binary, gender fluid and their supporters. üåà",https://t.co/NN6iqU8KaI,"[{'url': 'https://t.co/NN6iqU8KaI', 'expanded_url': 'http://www.southampton.ac.uk/lgbtpulse', 'display_url': 'southampton.ac.uk/lgbtpulse', 'indices': [0, 23]}]",[],False,382,433,6,Fri Mar 20 10:23:44 +0000 2015,337,,,False,False,413,,False,False,False,C0DEED,http://abs.twimg.com/images/themes/theme1/bg.png,https://abs.twimg.com/images/themes/theme1/bg.png,False,http://pbs.twimg.com/profile_images/578864862136295424/gk3JUUYe_normal.png,https://pbs.twimg.com/profile_images/578864862136295424/gk3JUUYe_normal.png,https://pbs.twimg.com/profile_banners/3098858115/1486202640,1DA1F2,C0DEED,DDEEF6,333333,True,False,True,False,False,False,False,none,,,,,,,,,,,,,,,,,,,,,,,,,,,,,,,,,,,,,,,,,,,,,,,,,,,,,,,,,,,,,,,,,,,,,,,,,,,,,,,,,
68,Wed Jan 22 17:00:12 +0000 2020,1220028399445577728,1220028399445577728,@Sustainable_UoS @unisouthampton Are there plans to become hedgehog friendly? Lots of other unis are taking part?,False,"[33, 113]","<a href=""http://twitter.com/download/android"" rel=""nofollow"">Twitter for Android</a>",1.2200068192858644e+18,1220006819285864448,454057562.0,454057562,Sustainable_UoS,,,,,False,0,1,False,False,en,[],[],"[{'screen_name': 'Sustainable_UoS', 'name': 'Sustainable Soton', 'id': 454057562, 'id_str': '454057562', 'indices': [0, 16]}, {'screen_name': 'unisouthampton', 'name': 'University of Southampton', 'id': 26203004, 'id_str': '26203004', 'indices': [17, 32]}]",[],en,recent,2219561456,2219561456,Dr Claire Hart,Dr_Narcissism,Southampton,Associate Professor at University of Southampton researching the interpersonal relationships of subclinical narcissists. All views are my own.,https://t.co/CMrqn5bsEi,"[{'url': 'https://t.co/CMrqn5bsEi', 'expanded_url': 'http://www.southampton.ac.uk/psychology/about/staff/cmh297.page', 'display_url': 'southampton.ac.uk/psychology/abo‚Ä¶', 'indices': [0, 23]}]",[],False,782,550,10,Thu Nov 28 11:55:10 +0000 2013,5466,,,False,False,1372,,False,False,False,C0DEED,http://abs.twimg.com/images/themes/theme1/bg.png,https://abs.twimg.com/images/themes/theme1/bg.png,False,http://pbs.twimg.com/profile_images/378800000803150260/f84e8b52b1b184d4018c88a4f43cceb6_normal.jpeg,https://pbs.twimg.com/profile_images/378800000803150260/f84e8b52b1b184d4018c88a4f43cceb6_normal.jpeg,https://pbs.twimg.com/profile_banners/2219561456/1556570538,1DA1F2,C0DEED,DDEEF6,333333,True,False,True,False,False,False,False,none,,,,,,,,,,,,,,,,,,,,,,,,,,,,,,,,,,,,,,,,,,,,,,,,,,,,,,,,,,,,,,,,,,,,,,,,,,,,,,,,,
70,Wed Jan 22 16:03:03 +0000 2020,1220014019718844417,1220014019718844417,"RT @Sustainable_UoS: @LaurieStras @unisouthampton @HogFriendly @hedgehogsociety Good afternoon Laurie, Please do email us on sustainability‚Ä¶",False,"[0, 140]","<a href=""http://twitter.com/download/iphone"" rel=""nofollow"">Twitter for iPhone</a>",,,,,,,,,,False,1,0,False,False,en,[],[],"[{'screen_name': 'Sustainable_UoS', 'name': 'Sustainable Soton', 'id': 454057562, 'id_str': '454057562', 'indices': [3, 19]}, {'screen_name': 'LaurieStras', 'name': 'üï∑Laurie-hyphen-Stras', 'id': 784179654, 'id_str': '784179654', 'indices': [21, 33]}, {'screen_name': 'unisouthampton', 'name': 'University of Southampton', 'id': 26203004, 'id_str': '26203004', 'indices': [34, 49]}, {'screen_name': 'HogFriendly', 'name': 'Hedgehog Friendly Campus', 'id': 1006559794986213376, 'id_str': '1006559794986213376', 'indices': [50, 62]}, {'screen_name': 'hedgehogsociety', 'name': 'Hedgehog Society', 'id': 85818687, 'id_str': '85818687', 'indices': [63, 79]}]",[],en,recent,1006559794986213376,1006559794986213376,Hedgehog Friendly Campus,HogFriendly,,"On a mission to make your campus hedgehog friendly! Whether you‚Äôre staff or student, get involved! info@hedgehogfriendlycampus.co.uk. Funded by @hedgehogsociety",,,[],False,1187,2532,4,Tue Jun 12 15:32:10 +0000 2018,3941,,,True,False,1689,,False,False,False,F5F8FA,,,False,http://pbs.twimg.com/profile_images/1107751136596058112/RKmPg1ab_normal.png,https://pbs.twimg.com/profile_images/1107751136596058112/RKmPg1ab_normal.png,https://pbs.twimg.com/profile_banners/1006559794986213376/1553521129,1DA1F2,C0DEED,DDEEF6,333333,True,False,True,False,False,False,False,none,,,,,,,,,,,Wed Jan 22 14:50:46 +0000 2020,1.2199958266484408e+18,1219995826648440833,"@LaurieStras @unisouthampton @HogFriendly @hedgehogsociety Good afternoon Laurie, Please do email us on sustainability@soton.ac.uk and we can start the conversation to increase awareness and engagement with the hedgehogs across our estate grounds. 
We look forward to hearing from you!",False,"[59, 285]",[],[],"[{'screen_name': 'LaurieStras', 'name': 'üï∑Laurie-hyphen-Stras', 'id': 784179654, 'id_str': '784179654', 'indices': [0, 12]}, {'screen_name': 'unisouthampton', 'name': 'University of Southampton', 'id': 26203004, 'id_str': '26203004', 'indices': [13, 28]}, {'screen_name': 'HogFriendly', 'name': 'Hedgehog Friendly Campus', 'id': 1006559794986213376, 'id_str': '1006559794986213376', 'indices': [29, 41]}, {'screen_name': 'hedgehogsociety', 'name': 'Hedgehog Society', 'id': 85818687, 'id_str': '85818687', 'indices': [42, 58]}]",[],en,recent,"<a href=""http://twitter.com"" rel=""nofollow"">Twitter Web Client</a>",1.219676354981122e+18,1219676354981122049,784179654.0,784179654,LaurieStras,454057562.0,454057562,Sustainable Soton,Sustainable_UoS,University of Southampton,Bringing students and staff together to deliver groundbreaking sustainability initiatives at the University of Southampton.,https://t.co/2n4Cxy1QC1,[],False,2694.0,2318.0,85.0,Tue Jan 03 15:40:49 +0000 2012,282.0,,,True,False,2842.0,,False,False,False,C0DEED,http://abs.twimg.com/images/themes/theme1/bg.png,https://abs.twimg.com/images/themes/theme1/bg.png,False,http://pbs.twimg.com/profile_images/2914538750/22fa20b8396ad5c6f10dd1499caea7ab_normal.png,https://pbs.twimg.com/profile_images/2914538750/22fa20b8396ad5c6f10dd1499caea7ab_normal.png,https://pbs.twimg.com/profile_banners/454057562/1348068501,1DA1F2,C0DEED,DDEEF6,333333,True,False,True,False,False,False,False,none,,,,,False,1.0,2.0,False,False,en,"[{'url': 'https://t.co/2n4Cxy1QC1', 'expanded_url': 'http://www.southampton.ac.uk/sustainability', 'display_url': 'southampton.ac.uk/sustainability', 'indices': [0, 23]}]"
73,Wed Jan 22 14:50:46 +0000 2020,1219995826648440833,1219995826648440833,"@LaurieStras @unisouthampton @HogFriendly @hedgehogsociety Good afternoon Laurie, Please do email us on sustainability@soton.ac.uk and we can start the conversation to increase awareness and engagement with the hedgehogs across our estate grounds. 
We look forward to hearing from you!",False,"[59, 285]","<a href=""http://twitter.com"" rel=""nofollow"">Twitter Web Client</a>",1.219676354981122e+18,1219676354981122049,784179654.0,784179654,LaurieStras,,,,,False,1,2,False,False,en,[],[],"[{'screen_name': 'LaurieStras', 'name': 'üï∑Laurie-hyphen-Stras', 'id': 784179654, 'id_str': '784179654', 'indices': [0, 12]}, {'screen_name': 'unisouthampton', 'name': 'University of Southampton', 'id': 26203004, 'id_str': '26203004', 'indices': [13, 28]}, {'screen_name': 'HogFriendly', 'name': 'Hedgehog Friendly Campus', 'id': 1006559794986213376, 'id_str': '1006559794986213376', 'indices': [29, 41]}, {'screen_name': 'hedgehogsociety', 'name': 'Hedgehog Society', 'id': 85818687, 'id_str': '85818687', 'indices': [42, 58]}]",[],en,recent,454057562,454057562,Sustainable Soton,Sustainable_UoS,University of Southampton,Bringing students and staff together to deliver groundbreaking sustainability initiatives at the University of Southampton.,https://t.co/2n4Cxy1QC1,"[{'url': 'https://t.co/2n4Cxy1QC1', 'expanded_url': 'http://www.southampton.ac.uk/sustainability', 'display_url': 'southampton.ac.uk/sustainability', 'indices': [0, 23]}]",[],False,2694,2318,85,Tue Jan 03 15:40:49 +0000 2012,282,,,True,False,2842,,False,False,False,C0DEED,http://abs.twimg.com/images/themes/theme1/bg.png,https://abs.twimg.com/images/themes/theme1/bg.png,False,http://pbs.twimg.com/profile_images/2914538750/22fa20b8396ad5c6f10dd1499caea7ab_normal.png,https://pbs.twimg.com/profile_images/2914538750/22fa20b8396ad5c6f10dd1499caea7ab_normal.png,https://pbs.twimg.com/profile_banners/454057562/1348068501,1DA1F2,C0DEED,DDEEF6,333333,True,False,True,False,False,False,False,none,,,,,,,,,,,,,,,,,,,,,,,,,,,,,,,,,,,,,,,,,,,,,,,,,,,,,,,,,,,,,,,,,,,,,,,,,,,,,,,,,
79,Wed Jan 22 13:27:29 +0000 2020,1219974867241590787,1219974867241590787,@unisouthampton phew!,False,"[16, 21]","<a href=""https://mobile.twitter.com"" rel=""nofollow"">Twitter Web App</a>",1.2199743533512704e+18,1219974353351270401,26203004.0,26203004,unisouthampton,,,,,False,0,2,False,False,en,[],[],"[{'screen_name': 'unisouthampton', 'name': 'University of Southampton', 'id': 26203004, 'id_str': '26203004', 'indices': [0, 15]}]",[],en,recent,194427250,194427250,Gabriel Weymouth üß¢,gabrielweymouth,"Southampton, UK","Marine hydrodynamics & biomimetics @unisouthampton, physics-based machine learning @turinginst",https://t.co/UAjau5Kwc3,"[{'url': 'https://t.co/UAjau5Kwc3', 'expanded_url': 'https://weymouth.github.io/', 'display_url': 'weymouth.github.io', 'indices': [0, 23]}]",[],False,379,353,16,Fri Sep 24 02:51:35 +0000 2010,9255,,,False,False,4397,,False,False,False,C0DEED,http://abs.twimg.com/images/themes/theme1/bg.png,https://abs.twimg.com/images/themes/theme1/bg.png,False,http://pbs.twimg.com/profile_images/1168148355945566211/SOQxVOcP_normal.jpg,https://pbs.twimg.com/profile_images/1168148355945566211/SOQxVOcP_normal.jpg,https://pbs.twimg.com/profile_banners/194427250/1403801822,1DA1F2,C0DEED,DDEEF6,333333,True,False,True,False,False,False,False,none,,,,,,,,,,,,,,,,,,,,,,,,,,,,,,,,,,,,,,,,,,,,,,,,,,,,,,,,,,,,,,,,,,,,,,,,,,,,,,,,,
80,Wed Jan 22 12:45:17 +0000 2020,1219964248316612610,1219964248316612610,@artcath @unisouthampton So glad you enjoyed your visit Catherine!üòÄüå±,False,"[25, 68]","<a href=""https://mobile.twitter.com"" rel=""nofollow"">Twitter Web App</a>",1.2199593088064266e+18,1219959308806426624,1169839490.0,1169839490,artcath,,,,,False,0,3,False,False,en,[],[],"[{'screen_name': 'artcath', 'name': 'Catherine Polley', 'id': 1169839490, 'id_str': '1169839490', 'indices': [0, 8]}, {'screen_name': 'unisouthampton', 'name': 'University of Southampton', 'id': 26203004, 'id_str': '26203004', 'indices': [9, 24]}]",[],en,recent,102019392,102019392,SUSU,Union_Soton,Southampton,"Stay in the loop with what's happening at SUSU, the Students' Union for @unisouthampton.",https://t.co/DWvOK1TZ7j,"[{'url': 'https://t.co/DWvOK1TZ7j', 'expanded_url': 'http://www.susu.org', 'display_url': 'susu.org', 'indices': [0, 23]}]",[],False,13015,918,160,Tue Jan 05 09:59:27 +0000 2010,5097,,,True,True,22242,,False,False,False,C0DEED,http://abs.twimg.com/images/themes/theme1/bg.png,https://abs.twimg.com/images/themes/theme1/bg.png,False,http://pbs.twimg.com/profile_images/1101492008785510401/f6tkF2xS_normal.png,https://pbs.twimg.com/profile_images/1101492008785510401/f6tkF2xS_normal.png,https://pbs.twimg.com/profile_banners/102019392/1506074265,1DA1F2,C0DEED,DDEEF6,333333,True,True,True,False,False,False,False,none,,,,,,,,,,,,,,,,,,,,,,,,,,,,,,,,,,,,,,,,,,,,,,,,,,,,,,,,,,,,,,,,,,,,,,,,,,,,,,,,,
82,Wed Jan 22 11:35:58 +0000 2020,1219946804931964929,1219946804931964929,Another great session this morning to kick off @unisouthampton @ReproducibiliT  2020! We talked about whether there's room for the ideals of reproducibility/open science in qualitative research. A very varied and in-depth discussion! Thanks to all who attended.,False,"[0, 261]","<a href=""https://mobile.twitter.com"" rel=""nofollow"">Twitter Web App</a>",,,,,,,,,,False,0,8,False,False,en,[],[],"[{'screen_name': 'unisouthampton', 'name': 'University of Southampton', 'id': 26203004, 'id_str': '26203004', 'indices': [47, 62]}, {'screen_name': 'ReproducibiliT', 'name': 'ReproducibiliTeaPod', 'id': 1000138440070107137, 'id_str': '1000138440070107137', 'indices': [63, 78]}]",[],en,recent,892078884933521410,892078884933521410,Sophie Hall,SophieMH95,"South West, England",Doctoral student (Education) researching dyselxia and writing - University of Southampton & South Coast Doctoral Training Partnership,,,[],False,36,87,0,Mon Jul 31 17:45:55 +0000 2017,191,,,False,False,56,,False,False,False,000000,http://abs.twimg.com/images/themes/theme1/bg.png,https://abs.twimg.com/images/themes/theme1/bg.png,False,http://pbs.twimg.com/profile_images/892082980981796865/ZFdui6GA_normal.jpg,https://pbs.twimg.com/profile_images/892082980981796865/ZFdui6GA_normal.jpg,https://pbs.twimg.com/profile_banners/892078884933521410/1501524284,19CF86,000000,000000,000000,False,True,False,False,False,False,False,none,,,,,,,,,,,,,,,,,,,,,,,,,,,,,,,,,,,,,,,,,,,,,,,,,,,,,,,,,,,,,,,,,,,,,,,,,,,,,,,,,
86,Wed Jan 22 08:51:23 +0000 2020,1219905387308244992,1219905387308244992,RT @FalkinghamJane: Great program on #bbc2 by @unisouthampton alumni Chris Packham on population growth and the planet. Last word from our‚Ä¶,False,"[0, 139]","<a href=""http://twitter.com/download/iphone"" rel=""nofollow"">Twitter for iPhone</a>",,,,,,,,,,False,11,0,False,False,en,"[{'text': 'bbc2', 'indices': [37, 42]}]",[],"[{'screen_name': 'FalkinghamJane', 'name': 'Jane Falkingham', 'id': 4127511652, 'id_str': '4127511652', 'indices': [3, 18]}, {'screen_name': 'unisouthampton', 'name': 'University of Southampton', 'id': 26203004, 'id_str': '26203004', 'indices': [46, 61]}]",[],en,recent,1033286888063463424,1033286888063463424,Allison Stratford,UoSCommsAllison,University of Southampton,Proud Head of Corporate Communications at University of Southampton. Tweeting about the place and the people. I love latte and ü•ï cake.,https://t.co/oLfaBFEqYe,"[{'url': 'https://t.co/oLfaBFEqYe', 'expanded_url': 'http://Www.southampton.ac.uk', 'display_url': 'southampton.ac.uk', 'indices': [0, 23]}]",[],False,769,1247,5,Sat Aug 25 09:36:06 +0000 2018,8481,,,True,False,3157,,False,False,False,F5F8FA,,,False,http://pbs.twimg.com/profile_images/1208026038627950593/k8MckLo8_normal.jpg,https://pbs.twimg.com/profile_images/1208026038627950593/k8MckLo8_normal.jpg,https://pbs.twimg.com/profile_banners/1033286888063463424/1578341011,1DA1F2,C0DEED,DDEEF6,333333,True,False,True,False,False,False,False,none,,,,,,,,,,,Tue Jan 21 22:07:16 +0000 2020,1.2197432890390979e+18,1219743289039097856,Great program on #bbc2 by @unisouthampton alumni Chris Packham on population growth and the planet. Last word from our very own Prof Sabu Padmadas that we can meet our needs but not our greed!,False,"[0, 192]","[{'text': 'bbc2', 'indices': [17, 22]}]",[],"[{'screen_name': 'unisouthampton', 'name': 'University of Southampton', 'id': 26203004, 'id_str': '26203004', 'indices': [26, 41]}]",[],en,recent,"<a href=""http://twitter.com/download/iphone"" rel=""nofollow"">Twitter for iPhone</a>",,,,,,4127511652.0,4127511652,Jane Falkingham,FalkinghamJane,,"Director of ESRC @CPCpopulation, Professor of Demography & International Social Policy at the University of Southampton RTs & likes not necessarily endorsements",https://t.co/UUTz9aht0d,[],False,1123.0,279.0,13.0,Fri Nov 06 14:38:14 +0000 2015,1492.0,,,True,False,1332.0,,False,False,False,C0DEED,http://abs.twimg.com/images/themes/theme1/bg.png,https://abs.twimg.com/images/themes/theme1/bg.png,False,http://pbs.twimg.com/profile_images/662663442755682304/0CDmLJbD_normal.jpg,https://pbs.twimg.com/profile_images/662663442755682304/0CDmLJbD_normal.jpg,https://pbs.twimg.com/profile_banners/4127511652/1446826289,1DA1F2,C0DEED,DDEEF6,333333,True,False,True,False,False,False,False,none,,,,,False,11.0,39.0,False,False,en,"[{'url': 'https://t.co/UUTz9aht0d', 'expanded_url': 'http://www.cpc.ac.uk/', 'display_url': 'cpc.ac.uk', 'indices': [0, 23]}]"
91,Tue Jan 21 22:07:16 +0000 2020,1219743289039097856,1219743289039097856,Great program on #bbc2 by @unisouthampton alumni Chris Packham on population growth and the planet. Last word from our very own Prof Sabu Padmadas that we can meet our needs but not our greed!,False,"[0, 192]","<a href=""http://twitter.com/download/iphone"" rel=""nofollow"">Twitter for iPhone</a>",,,,,,,,,,False,11,39,False,False,en,"[{'text': 'bbc2', 'indices': [17, 22]}]",[],"[{'screen_name': 'unisouthampton', 'name': 'University of Southampton', 'id': 26203004, 'id_str': '26203004', 'indices': [26, 41]}]",[],en,recent,4127511652,4127511652,Jane Falkingham,FalkinghamJane,,"Director of ESRC @CPCpopulation, Professor of Demography & International Social Policy at the University of Southampton RTs & likes not necessarily endorsements",https://t.co/UUTz9aht0d,"[{'url': 'https://t.co/UUTz9aht0d', 'expanded_url': 'http://www.cpc.ac.uk/', 'display_url': 'cpc.ac.uk', 'indices': [0, 23]}]",[],False,1123,279,13,Fri Nov 06 14:38:14 +0000 2015,1492,,,True,False,1332,,False,False,False,C0DEED,http://abs.twimg.com/images/themes/theme1/bg.png,https://abs.twimg.com/images/themes/theme1/bg.png,False,http://pbs.twimg.com/profile_images/662663442755682304/0CDmLJbD_normal.jpg,https://pbs.twimg.com/profile_images/662663442755682304/0CDmLJbD_normal.jpg,https://pbs.twimg.com/profile_banners/4127511652/1446826289,1DA1F2,C0DEED,DDEEF6,333333,True,False,True,False,False,False,False,none,,,,,,,,,,,,,,,,,,,,,,,,,,,,,,,,,,,,,,,,,,,,,,,,,,,,,,,,,,,,,,,,,,,,,,,,,,,,,,,,,
96,Tue Jan 21 18:54:08 +0000 2020,1219694686341861376,1219694686341861376,@UoSMedia @unisouthampton I‚Äôm going to miss you too and many others @unisouthampton - you‚Äôve been very nice to work with. Thank you. üòã,False,"[26, 134]","<a href=""http://twitter.com/download/iphone"" rel=""nofollow"">Twitter for iPhone</a>",1.2196649027570033e+18,1219664902757003264,1.0873083330134508e+18,1087308333013450754,UoSMedia,,,,,False,0,0,False,False,en,[],[],"[{'screen_name': 'UoSMedia', 'name': 'UoSMedia', 'id': 1087308333013450754, 'id_str': '1087308333013450754', 'indices': [0, 9]}, {'screen_name': 'unisouthampton', 'name': 'University of Southampton', 'id': 26203004, 'id_str': '26203004', 'indices': [10, 25]}, {'screen_name': 'unisouthampton', 'name': 'University of Southampton', 'id': 26203004, 'id_str': '26203004', 'indices': [68, 83]}]",[],en,recent,2799681306,2799681306,Sally Brown,_sallybrown77,"Southampton, UK",Researcher at @bournemouthuni (improving impact for #ref2021) & @unisouthampton (research = #coasts #sealevelrise) #IPCC 1.5deg special report #SR15 lead author,https://t.co/zt7Qy974DO,"[{'url': 'https://t.co/zt7Qy974DO', 'expanded_url': 'http://www.southampton.ac.uk/engineering/about/staff/sb20.page', 'display_url': 'southampton.ac.uk/engineering/ab‚Ä¶', 'indices': [0, 23]}]",[],False,1162,1652,18,Tue Sep 09 11:19:48 +0000 2014,639,,,False,False,1645,,False,False,False,BADFCD,http://abs.twimg.com/images/themes/theme1/bg.png,https://abs.twimg.com/images/themes/theme1/bg.png,True,http://pbs.twimg.com/profile_images/509823672131915776/A-WASF4k_normal.jpeg,https://pbs.twimg.com/profile_images/509823672131915776/A-WASF4k_normal.jpeg,https://pbs.twimg.com/profile_banners/2799681306/1510094687,3B94D9,FFFFFF,DDEEF6,333333,True,False,False,False,False,False,False,none,,,,,,,,,,,,,,,,,,,,,,,,,,,,,,,,,,,,,,,,,,,,,,,,,,,,,,,,,,,,,,,,,,,,,,,,,,,,,,,,,
97,Tue Jan 21 18:51:00 +0000 2020,1219693896160174080,1219693896160174080,"RT @LaurieStras: @unisouthampton @HogFriendly @Sustainable_UoS Let us know if we can help. We are (yes, really) doing the @hedgehogsociety‚Ä¶",False,"[0, 139]","<a href=""http://twitter.com/download/iphone"" rel=""nofollow"">Twitter for iPhone</a>",,,,,,,,,,False,1,0,False,False,en,[],[],"[{'screen_name': 'LaurieStras', 'name': 'üï∑Laurie-hyphen-Stras', 'id': 784179654, 'id_str': '784179654', 'indices': [3, 15]}, {'screen_name': 'unisouthampton', 'name': 'University of Southampton', 'id': 26203004, 'id_str': '26203004', 'indices': [17, 32]}, {'screen_name': 'HogFriendly', 'name': 'Hedgehog Friendly Campus', 'id': 1006559794986213376, 'id_str': '1006559794986213376', 'indices': [33, 45]}, {'screen_name': 'Sustainable_UoS', 'name': 'Sustainable Soton', 'id': 454057562, 'id_str': '454057562', 'indices': [46, 62]}, {'screen_name': 'hedgehogsociety', 'name': 'Hedgehog Society', 'id': 85818687, 'id_str': '85818687', 'indices': [122, 138]}]",[],en,recent,1006559794986213376,1006559794986213376,Hedgehog Friendly Campus,HogFriendly,,"On a mission to make your campus hedgehog friendly! Whether you‚Äôre staff or student, get involved! info@hedgehogfriendlycampus.co.uk. Funded by @hedgehogsociety",,,[],False,1187,2532,4,Tue Jun 12 15:32:10 +0000 2018,3941,,,True,False,1689,,False,False,False,F5F8FA,,,False,http://pbs.twimg.com/profile_images/1107751136596058112/RKmPg1ab_normal.png,https://pbs.twimg.com/profile_images/1107751136596058112/RKmPg1ab_normal.png,https://pbs.twimg.com/profile_banners/1006559794986213376/1553521129,1DA1F2,C0DEED,DDEEF6,333333,True,False,True,False,False,False,False,none,,,,,,,,,,,Tue Jan 21 17:41:18 +0000 2020,1.219676354981122e+18,1219676354981122049,"@unisouthampton @HogFriendly @Sustainable_UoS Let us know if we can help. We are (yes, really) doing the @hedgehogsociety first aid course next month!",False,"[46, 150]",[],[],"[{'screen_name': 'unisouthampton', 'name': 'University of Southampton', 'id': 26203004, 'id_str': '26203004', 'indices': [0, 15]}, {'screen_name': 'HogFriendly', 'name': 'Hedgehog Friendly Campus', 'id': 1006559794986213376, 'id_str': '1006559794986213376', 'indices': [16, 28]}, {'screen_name': 'Sustainable_UoS', 'name': 'Sustainable Soton', 'id': 454057562, 'id_str': '454057562', 'indices': [29, 45]}, {'screen_name': 'hedgehogsociety', 'name': 'Hedgehog Society', 'id': 85818687, 'id_str': '85818687', 'indices': [105, 121]}]",[],en,recent,"<a href=""http://twitter.com/download/iphone"" rel=""nofollow"">Twitter for iPhone</a>",1.2192618390302638e+18,1219261839030263809,26203004.0,26203004,unisouthampton,784179654.0,784179654,üï∑Laurie-hyphen-Stras,LaurieStras,"Southampton, England","Feminist, musicologist, musician, extreme knitter. Not necessarily in that order. Hyphen for @LindaHyphen. Tweets for Musica Secreta as @SuorAnonima",https://t.co/KgwuOjcsnM,[],False,964.0,368.0,18.0,Mon Aug 27 08:38:22 +0000 2012,10461.0,,,False,False,6276.0,,False,False,False,C0DEED,http://abs.twimg.com/images/themes/theme1/bg.png,https://abs.twimg.com/images/themes/theme1/bg.png,False,http://pbs.twimg.com/profile_images/926789592740777984/BUUhOOL9_normal.jpg,https://pbs.twimg.com/profile_images/926789592740777984/BUUhOOL9_normal.jpg,https://pbs.twimg.com/profile_banners/784179654/1445757584,1DA1F2,C0DEED,DDEEF6,333333,True,False,True,False,False,False,False,none,,,,,False,1.0,1.0,False,False,en,"[{'url': 'https://t.co/KgwuOjcsnM', 'expanded_url': 'http://www.musicasecreta.com', 'display_url': 'musicasecreta.com', 'indices': [0, 23]}]"
98,Tue Jan 21 18:35:13 +0000 2020,1219689924355641347,1219689924355641347,"Southamptonians take care - there's black ice everywhere!

#Southampton @unisouthampton",False,"[0, 87]","<a href=""https://mobile.twitter.com"" rel=""nofollow"">Twitter Web App</a>",,,,,,,,,,False,1,2,False,False,en,"[{'text': 'Southampton', 'indices': [59, 71]}]",[],"[{'screen_name': 'unisouthampton', 'name': 'University of Southampton', 'id': 26203004, 'id_str': '26203004', 'indices': [72, 87]}]",[],en,recent,2968583529,2968583529,Dr Kate Rogers,archdox,Southampton,"Archaeologist & non-fiction filmmaker. Visiting Fellow @sotonarch @unisouthampton. 
https://t.co/9KJT8avsAv",https://t.co/orF8dMRZWw,"[{'url': 'https://t.co/orF8dMRZWw', 'expanded_url': 'https://soton.academia.edu/KateRogers', 'display_url': 'soton.academia.edu/KateRogers', 'indices': [0, 23]}]","[{'url': 'https://t.co/9KJT8avsAv', 'expanded_url': 'http://archdox.wordpress.com', 'display_url': 'archdox.wordpress.com', 'indices': [84, 107]}]",False,1903,3266,91,Thu Jan 08 21:32:50 +0000 2015,10551,,,False,False,4450,,False,False,False,000000,http://abs.twimg.com/images/themes/theme14/bg.gif,https://abs.twimg.com/images/themes/theme14/bg.gif,False,http://pbs.twimg.com/profile_images/1081683427152355328/PwKNTV45_normal.jpg,https://pbs.twimg.com/profile_images/1081683427152355328/PwKNTV45_normal.jpg,https://pbs.twimg.com/profile_banners/2968583529/1526049212,1B95E0,000000,000000,000000,False,False,False,False,False,False,False,none,,,,,,,,,,,,,,,,,,,,,,,,,,,,,,,,,,,,,,,,,,,,,,,,,,,,,,,,,,,,,,,,,,,,,,,,,,,,,,,,,
100,Tue Jan 21 15:32:56 +0000 2020,1219644051923914753,1219644051923914753,"@samanthaclare Had some at @unisouthampton, need to practice what they taught me. Will come and find you when I get stuck. Thanks.",False,"[15, 130]","<a href=""http://twitter.com/download/android"" rel=""nofollow"">Twitter for Android</a>",1.2196418951079076e+18,1219641895107907585,19901701.0,19901701,samanthaclare,,,,,False,0,1,False,False,en,[],[],"[{'screen_name': 'samanthaclare', 'name': 'Sam Burgess', 'id': 19901701, 'id_str': '19901701', 'indices': [0, 14]}, {'screen_name': 'unisouthampton', 'name': 'University of Southampton', 'id': 26203004, 'id_str': '26203004', 'indices': [27, 42]}]",[],en,recent,1671434569,1671434569,Karen West,KWestPhysio,,"Physiotherapy Team Leader at Southern Health NHS Foundation Trust, keen amateur choral singer, studying MSC Care of the Complex Older Person at @unisouthampton",,,[],False,344,320,3,Wed Aug 14 20:45:24 +0000 2013,13495,,,False,False,3317,,False,False,False,C0DEED,http://abs.twimg.com/images/themes/theme1/bg.png,https://abs.twimg.com/images/themes/theme1/bg.png,False,http://pbs.twimg.com/profile_images/960795004171153408/uno7w13e_normal.jpg,https://pbs.twimg.com/profile_images/960795004171153408/uno7w13e_normal.jpg,,1DA1F2,C0DEED,DDEEF6,333333,True,False,True,False,False,False,False,none,,,,,,,,,,,,,,,,,,,,,,,,,,,,,,,,,,,,,,,,,,,,,,,,,,,,,,,,,,,,,,,,,,,,,,,,,,,,,,,,,
102,Tue Jan 21 10:18:43 +0000 2020,1219564975410249728,1219564975410249728,"RT @SportWellUoS: Week 2 of exams has arrived,we want to wish everybody the best of luck! Please do not forget we have complimentary classe‚Ä¶",False,"[0, 140]","<a href=""https://mobile.twitter.com"" rel=""nofollow"">Twitter Web App</a>",,,,,,,,,,False,3,0,False,False,en,[],[],"[{'screen_name': 'SportWellUoS', 'name': 'Sport and Wellbeing', 'id': 776702319228485633, 'id_str': '776702319228485633', 'indices': [3, 16]}]",[],en,recent,1204316542575529984,1204316542575529984,UoS Student Engagement,UoSStudentComms,,Student Engagement at the University of Southampton. Tweeting about all things Southampton. #MyUoSjourney,,,[],False,48,97,0,Tue Dec 10 08:27:01 +0000 2019,48,,,False,False,43,,False,False,False,F5F8FA,,,False,http://pbs.twimg.com/profile_images/1204331371679932417/I1URFRdc_normal.png,https://pbs.twimg.com/profile_images/1204331371679932417/I1URFRdc_normal.png,https://pbs.twimg.com/profile_banners/1204316542575529984/1575966944,1DA1F2,C0DEED,DDEEF6,333333,True,False,True,False,False,False,False,none,,,,,,,,,,,Mon Jan 20 11:15:53 +0000 2020,1.2192169750434816e+18,1219216975043481600,"Week 2 of exams has arrived,we want to wish everybody the best of luck! Please do not forget we have complimentary classes running to help support you during this period: Total Stretch on the 21/01 &amp; Pilates on the 22/01. @unisouthampton @UoSStudentComms @susu_vpsports",False,"[0, 273]",[],[],"[{'screen_name': 'unisouthampton', 'name': 'University of Southampton', 'id': 26203004, 'id_str': '26203004', 'indices': [226, 241]}, {'screen_name': 'UoSStudentComms', 'name': 'UoS Student Engagement', 'id': 1204316542575529984, 'id_str': '1204316542575529984', 'indices': [242, 258]}, {'screen_name': 'susu_vpsports', 'name': 'Olivia Reed, SUSU VP Sports', 'id': 737960141342052357, 'id_str': '737960141342052357', 'indices': [259, 273]}]",[],en,recent,"<a href=""http://twitter.com"" rel=""nofollow"">Twitter Web Client</a>",,,,,,7.767023192284856e+17,776702319228485633,Sport and Wellbeing,SportWellUoS,"Southampton, England","Sport & Wellbeing offers a wide array of facilities in Southampton for varying abilities and interests, including gyms, classes, outdoor sports and watersports.",https://t.co/5RkWWWseea,[],False,287.0,133.0,4.0,Fri Sep 16 08:40:38 +0000 2016,97.0,,,False,False,205.0,,False,False,False,000000,http://abs.twimg.com/images/themes/theme1/bg.png,https://abs.twimg.com/images/themes/theme1/bg.png,False,http://pbs.twimg.com/profile_images/780438364738772992/ZaDVqFVS_normal.jpg,https://pbs.twimg.com/profile_images/780438364738772992/ZaDVqFVS_normal.jpg,https://pbs.twimg.com/profile_banners/776702319228485633/1535099076,0084B4,000000,000000,000000,False,False,False,False,False,False,False,none,,,,,False,3.0,6.0,False,False,en,"[{'url': 'https://t.co/5RkWWWseea', 'expanded_url': 'http://www.southampton.ac.uk/sportandwellbeing', 'display_url': 'southampton.ac.uk/sportandwellbe‚Ä¶', 'indices': [0, 23]}]"
103,Tue Jan 21 09:24:00 +0000 2020,1219551206139482117,1219551206139482117,"It's the little things that can make a day at work. Last week an email searching for a missing brain made my day, today our HoD offering muffins in the staff room. What makes your Day in academia a bit better, esp if you are a PGR? @AcademicChatter @unisouthampton @SotonPsych",False,"[0, 276]","<a href=""https://mobile.twitter.com"" rel=""nofollow"">Twitter Web App</a>",,,,,,,,,,False,0,3,False,False,en,[],[],"[{'screen_name': 'AcademicChatter', 'name': 'Academic Chatter', 'id': 885953601067208705, 'id_str': '885953601067208705', 'indices': [232, 248]}, {'screen_name': 'unisouthampton', 'name': 'University of Southampton', 'id': 26203004, 'id_str': '26203004', 'indices': [249, 264]}, {'screen_name': 'SotonPsych', 'name': 'Psychology at Soton', 'id': 4724916922, 'id_str': '4724916922', 'indices': [265, 276]}]",[],en,recent,292458258,292458258,Ellen Hedstrom,elleshead,Sverige/England,"ESRC SCDTP funded PhD student at UofS  looking at family functioning and asylum seekers. Bibliophile, wild swimmer and Arctic explorer. Thoughts my own.",,,[],False,129,393,0,Tue May 03 17:43:19 +0000 2011,842,,,True,False,927,,False,False,False,C0DEED,http://abs.twimg.com/images/themes/theme1/bg.png,https://abs.twimg.com/images/themes/theme1/bg.png,False,http://pbs.twimg.com/profile_images/1205117146210209792/pYYk0hZU_normal.jpg,https://pbs.twimg.com/profile_images/1205117146210209792/pYYk0hZU_normal.jpg,https://pbs.twimg.com/profile_banners/292458258/1400074573,1DA1F2,C0DEED,DDEEF6,333333,True,False,True,False,False,False,False,none,,,,,,,,,,,,,,,,,,,,,,,,,,,,,,,,,,,,,,,,,,,,,,,,,,,,,,,,,,,,,,,,,,,,,,,,,,,,,,,,,
109,Mon Jan 20 21:08:21 +0000 2020,1219366074786906112,1219366074786906112,"RT @SportWellUoS: Week 2 of exams has arrived,we want to wish everybody the best of luck! Please do not forget we have complimentary classe‚Ä¶",False,"[0, 140]","<a href=""http://twitter.com/download/android"" rel=""nofollow"">Twitter for Android</a>",,,,,,,,,,False,3,0,False,False,en,[],[],"[{'screen_name': 'SportWellUoS', 'name': 'Sport and Wellbeing', 'id': 776702319228485633, 'id_str': '776702319228485633', 'indices': [3, 16]}]",[],en,recent,166131871,166131871,UoSinternational,UniSotonIntl,"Southampton, UK",The official handle for the University of Southampton International Office #OurSouthampton,https://t.co/nb5lypJ0F7,"[{'url': 'https://t.co/nb5lypJ0F7', 'expanded_url': 'http://www.southampton.ac.uk/international', 'display_url': 'southampton.ac.uk/international', 'indices': [0, 23]}]",[],False,2506,1050,74,Tue Jul 13 12:07:04 +0000 2010,3024,,,True,False,6270,,False,False,False,8BB35D,http://abs.twimg.com/images/themes/theme15/bg.png,https://abs.twimg.com/images/themes/theme15/bg.png,False,http://pbs.twimg.com/profile_images/1147170079936798720/agSp6A3f_normal.jpg,https://pbs.twimg.com/profile_images/1147170079936798720/agSp6A3f_normal.jpg,https://pbs.twimg.com/profile_banners/166131871/1534509349,0B7521,FFFFFF,C0DFEC,333333,True,False,False,False,False,False,False,none,,,,,,,,,,,Mon Jan 20 11:15:53 +0000 2020,1.2192169750434816e+18,1219216975043481600,"Week 2 of exams has arrived,we want to wish everybody the best of luck! Please do not forget we have complimentary classes running to help support you during this period: Total Stretch on the 21/01 &amp; Pilates on the 22/01. @unisouthampton @UoSStudentComms @susu_vpsports",False,"[0, 273]",[],[],"[{'screen_name': 'unisouthampton', 'name': 'University of Southampton', 'id': 26203004, 'id_str': '26203004', 'indices': [226, 241]}, {'screen_name': 'UoSStudentComms', 'name': 'UoS Student Engagement', 'id': 1204316542575529984, 'id_str': '1204316542575529984', 'indices': [242, 258]}, {'screen_name': 'susu_vpsports', 'name': 'Olivia Reed, SUSU VP Sports', 'id': 737960141342052357, 'id_str': '737960141342052357', 'indices': [259, 273]}]",[],en,recent,"<a href=""http://twitter.com"" rel=""nofollow"">Twitter Web Client</a>",,,,,,7.767023192284856e+17,776702319228485633,Sport and Wellbeing,SportWellUoS,"Southampton, England","Sport & Wellbeing offers a wide array of facilities in Southampton for varying abilities and interests, including gyms, classes, outdoor sports and watersports.",https://t.co/5RkWWWseea,[],False,287.0,133.0,4.0,Fri Sep 16 08:40:38 +0000 2016,97.0,,,False,False,205.0,,False,False,False,000000,http://abs.twimg.com/images/themes/theme1/bg.png,https://abs.twimg.com/images/themes/theme1/bg.png,False,http://pbs.twimg.com/profile_images/780438364738772992/ZaDVqFVS_normal.jpg,https://pbs.twimg.com/profile_images/780438364738772992/ZaDVqFVS_normal.jpg,https://pbs.twimg.com/profile_banners/776702319228485633/1535099076,0084B4,000000,000000,000000,False,False,False,False,False,False,False,none,,,,,False,3.0,6.0,False,False,en,"[{'url': 'https://t.co/5RkWWWseea', 'expanded_url': 'http://www.southampton.ac.uk/sportandwellbeing', 'display_url': 'southampton.ac.uk/sportandwellbe‚Ä¶', 'indices': [0, 23]}]"
112,Mon Jan 20 18:04:33 +0000 2020,1219319821097107458,1219319821097107458,@DrJulianLeyland @ChrisTomsett @NERCscience @unisouthampton Lovely choice of colours üòÅ,False,"[60, 86]","<a href=""http://twitter.com/download/android"" rel=""nofollow"">Twitter for Android</a>",1.2065828921613722e+18,1206582892161372160,494889960.0,494889960,DrJulianLeyland,,,,,False,0,0,False,False,en,[],[],"[{'screen_name': 'DrJulianLeyland', 'name': 'Julian Leyland', 'id': 494889960, 'id_str': '494889960', 'indices': [0, 16]}, {'screen_name': 'ChrisTomsett', 'name': 'Chris Tomsett', 'id': 414202954, 'id_str': '414202954', 'indices': [17, 30]}, {'screen_name': 'NERCscience', 'name': 'Natural Environment Research Council', 'id': 104849636, 'id_str': '104849636', 'indices': [31, 43]}, {'screen_name': 'unisouthampton', 'name': 'University of Southampton', 'id': 26203004, 'id_str': '26203004', 'indices': [44, 59]}]",[],en,recent,903997794893131776,903997794893131776,Herbie,MartyMacn,Bryan Texas,PhD student at RHUL & NHM doing a transdisciplinary study of the Thames,https://t.co/SP4AT2JUVC,"[{'url': 'https://t.co/SP4AT2JUVC', 'expanded_url': 'https://www.linkedin.com/in/mobilitydream', 'display_url': 'linkedin.com/in/mobilitydre‚Ä¶', 'indices': [0, 23]}]",[],False,7,78,0,Sat Sep 02 15:07:24 +0000 2017,334,,,False,False,91,,False,False,False,F5F8FA,,,False,http://pbs.twimg.com/profile_images/934705302007615488/mHdRMQY2_normal.jpg,https://pbs.twimg.com/profile_images/934705302007615488/mHdRMQY2_normal.jpg,https://pbs.twimg.com/profile_banners/903997794893131776/1567593606,1DA1F2,C0DEED,DDEEF6,333333,True,False,True,False,False,False,False,none,,,,,,,,,,,,,,,,,,,,,,,,,,,,,,,,,,,,,,,,,,,,,,,,,,,,,,,,,,,,,,,,,,,,,,,,,,,,,,,,,
117,Mon Jan 20 14:27:55 +0000 2020,1219265300161540097,1219265300161540097,"RT @unisouthampton: @LaurieStras @HogFriendly Hi Laurie, thanks for getting in touch! This looks great - something for the @Sustainable_UoS‚Ä¶",False,"[0, 140]","<a href=""http://twitter.com/download/iphone"" rel=""nofollow"">Twitter for iPhone</a>",,,,,,,,,,False,1,0,False,False,en,[],[],"[{'screen_name': 'unisouthampton', 'name': 'University of Southampton', 'id': 26203004, 'id_str': '26203004', 'indices': [3, 18]}, {'screen_name': 'LaurieStras', 'name': 'üï∑Laurie-hyphen-Stras', 'id': 784179654, 'id_str': '784179654', 'indices': [20, 32]}, {'screen_name': 'HogFriendly', 'name': 'Hedgehog Friendly Campus', 'id': 1006559794986213376, 'id_str': '1006559794986213376', 'indices': [33, 45]}, {'screen_name': 'Sustainable_UoS', 'name': 'Sustainable Soton', 'id': 454057562, 'id_str': '454057562', 'indices': [123, 139]}]",[],en,recent,1006559794986213376,1006559794986213376,Hedgehog Friendly Campus,HogFriendly,,"On a mission to make your campus hedgehog friendly! Whether you‚Äôre staff or student, get involved! info@hedgehogfriendlycampus.co.uk. Funded by @hedgehogsociety",,,[],False,1187,2532,4,Tue Jun 12 15:32:10 +0000 2018,3941,,,True,False,1689,,False,False,False,F5F8FA,,,False,http://pbs.twimg.com/profile_images/1107751136596058112/RKmPg1ab_normal.png,https://pbs.twimg.com/profile_images/1107751136596058112/RKmPg1ab_normal.png,https://pbs.twimg.com/profile_banners/1006559794986213376/1553521129,1DA1F2,C0DEED,DDEEF6,333333,True,False,True,False,False,False,False,none,,,,,,,,,,,Mon Jan 20 14:14:09 +0000 2020,1.2192618390302638e+18,1219261839030263809,"@LaurieStras @HogFriendly Hi Laurie, thanks for getting in touch! This looks great - something for the @Sustainable_UoS team to look into perhaps?",False,"[26, 146]",[],[],"[{'screen_name': 'LaurieStras', 'name': 'üï∑Laurie-hyphen-Stras', 'id': 784179654, 'id_str': '784179654', 'indices': [0, 12]}, {'screen_name': 'HogFriendly', 'name': 'Hedgehog Friendly Campus', 'id': 1006559794986213376, 'id_str': '1006559794986213376', 'indices': [13, 25]}, {'screen_name': 'Sustainable_UoS', 'name': 'Sustainable Soton', 'id': 454057562, 'id_str': '454057562', 'indices': [103, 119]}]",[],en,recent,"<a href=""https://mobile.twitter.com"" rel=""nofollow"">Twitter Web App</a>",1.2192597521375314e+18,1219259752137531392,784179654.0,784179654,LaurieStras,26203004.0,26203004,University of Southampton,unisouthampton,"University Road, Southampton","Latest news, research and events from the University of Southampton. Founding member of the Russell Group and ranked among the top 100 universities worldwide.",https://t.co/bkkSvHb7qJ,[],False,54040.0,1748.0,734.0,Tue Mar 24 08:59:19 +0000 2009,11924.0,,,True,True,17108.0,,False,False,False,C6E2EE,http://abs.twimg.com/images/themes/theme2/bg.gif,https://abs.twimg.com/images/themes/theme2/bg.gif,False,http://pbs.twimg.com/profile_images/826739841572417536/EnrDHCLj_normal.jpg,https://pbs.twimg.com/profile_images/826739841572417536/EnrDHCLj_normal.jpg,https://pbs.twimg.com/profile_banners/26203004/1548694514,1B95E0,C6E2EE,DAECF4,663B12,True,False,False,False,False,False,False,none,,,,,False,1.0,7.0,False,False,en,"[{'url': 'https://t.co/bkkSvHb7qJ', 'expanded_url': 'https://www.southampton.ac.uk', 'display_url': 'southampton.ac.uk', 'indices': [0, 23]}]"
120,Mon Jan 20 08:53:36 +0000 2020,1219181170069397504,1219181170069397504,"Racing against time ‚è±, not just in the conference but also in #SDGs. #ICSD2020 is a food for thought and has actionable solutions. @unisouthampton @GRDSCIB",False,"[0, 155]","<a href=""http://twitter.com/download/iphone"" rel=""nofollow"">Twitter for iPhone</a>",,,,,,,,,,False,4,17,False,False,en,"[{'text': 'SDGs', 'indices': [62, 67]}, {'text': 'ICSD2020', 'indices': [69, 78]}]",[],"[{'screen_name': 'unisouthampton', 'name': 'University of Southampton', 'id': 26203004, 'id_str': '26203004', 'indices': [131, 146]}, {'screen_name': 'GRDSCIB', 'name': 'GRDSCIB', 'id': 1632082897, 'id_str': '1632082897', 'indices': [147, 155]}]",[],en,recent,7498702,7498702,Dr.KKRamachandran,drkkr,,"Educator by Profession, Student by Vocation | Strength Coach | FULBRIGHT | IVLP | Ideator | Strategist | Positive | Social Media Evangelist | Globetrotter | PhD",https://t.co/vv64Pdz2TW,"[{'url': 'https://t.co/vv64Pdz2TW', 'expanded_url': 'http://brandthinkmarketingdo.com/', 'display_url': 'brandthinkmarketingdo.com', 'indices': [0, 23]}]",[],False,3438,720,52,Mon Jul 16 05:05:23 +0000 2007,4119,,,True,False,13245,,False,False,False,303D5D,http://abs.twimg.com/images/themes/theme6/bg.gif,https://abs.twimg.com/images/themes/theme6/bg.gif,False,http://pbs.twimg.com/profile_images/1126547304616349696/uCG2L8Jb_normal.jpg,https://pbs.twimg.com/profile_images/1126547304616349696/uCG2L8Jb_normal.jpg,https://pbs.twimg.com/profile_banners/7498702/1460131348,D4443F,C2C5D1,C2C5D1,47484D,False,False,False,False,False,False,False,none,,,,,,,,,,,,,,,,,,,,,,,,,,,,,,,,,,,,,,,,,,,,,,,,,,,,,,,,,,,,,,,,,,,,,,,,,,,,,,,,,
134,Sat Jan 18 12:15:45 +0000 2020,1218507263910055937,1218507263910055937,@wendysotonlib @unisouthampton At the side of the new Centenary Building üå∫,False,"[31, 74]","<a href=""http://twitter.com/download/iphone"" rel=""nofollow"">Twitter for iPhone</a>",1.2182060443227628e+18,1218206044322762752,222863186.0,222863186,wendysotonlib,,,,,False,0,2,False,False,en,[],[],"[{'screen_name': 'wendysotonlib', 'name': 'Wendy White', 'id': 222863186, 'id_str': '222863186', 'indices': [0, 14]}, {'screen_name': 'unisouthampton', 'name': 'University of Southampton', 'id': 26203004, 'id_str': '26203004', 'indices': [15, 30]}]",[],en,recent,1033286888063463424,1033286888063463424,Allison Stratford,UoSCommsAllison,University of Southampton,Proud Head of Corporate Communications at University of Southampton. Tweeting about the place and the people. I love latte and ü•ï cake.,https://t.co/oLfaBFEqYe,"[{'url': 'https://t.co/oLfaBFEqYe', 'expanded_url': 'http://Www.southampton.ac.uk', 'display_url': 'southampton.ac.uk', 'indices': [0, 23]}]",[],False,769,1247,5,Sat Aug 25 09:36:06 +0000 2018,8481,,,True,False,3157,,False,False,False,F5F8FA,,,False,http://pbs.twimg.com/profile_images/1208026038627950593/k8MckLo8_normal.jpg,https://pbs.twimg.com/profile_images/1208026038627950593/k8MckLo8_normal.jpg,https://pbs.twimg.com/profile_banners/1033286888063463424/1578341011,1DA1F2,C0DEED,DDEEF6,333333,True,False,True,False,False,False,False,none,,,,,,,,,,,,,,,,,,,,,,,,,,,,,,,,,,,,,,,,,,,,,,,,,,,,,,,,,,,,,,,,,,,,,,,,,,,,,,,,,
137,Sat Jan 18 08:00:05 +0000 2020,1218442923123073024,1218442923123073024,@BashirLwaleed @unisouthampton Congratulations.,False,"[31, 47]","<a href=""http://twitter.com/download/android"" rel=""nofollow"">Twitter for Android</a>",1.218250332377178e+18,1218250332377178112,1435721186.0,1435721186,BashirLwaleed,,,,,False,0,0,False,False,en,[],[],"[{'screen_name': 'BashirLwaleed', 'name': 'Prof. Bashir A. Lwaleed', 'id': 1435721186, 'id_str': '1435721186', 'indices': [0, 14]}, {'screen_name': 'unisouthampton', 'name': 'University of Southampton', 'id': 26203004, 'id_str': '26203004', 'indices': [15, 30]}]",[],en,recent,1204313109067915264,1204313109067915264,Omar Abdelwahab,OmarAbd67005268,,Researcher and PhD student in Health Sciences.,,,[],False,5,13,0,Tue Dec 10 08:13:42 +0000 2019,90,,,False,False,35,,False,False,False,F5F8FA,,,False,http://pbs.twimg.com/profile_images/1204313698581590016/RFEBwQTp_normal.jpg,https://pbs.twimg.com/profile_images/1204313698581590016/RFEBwQTp_normal.jpg,,1DA1F2,C0DEED,DDEEF6,333333,True,False,True,False,False,False,False,none,,,,,,,,,,,,,,,,,,,,,,,,,,,,,,,,,,,,,,,,,,,,,,,,,,,,,,,,,,,,,,,,,,,,,,,,,,,,,,,,,
