,created_at,id,id_str,full_text,truncated,display_text_range,source,in_reply_to_status_id,in_reply_to_status_id_str,in_reply_to_user_id,in_reply_to_user_id_str,in_reply_to_screen_name,geo,coordinates,contributors,is_quote_status,retweet_count,favorite_count,favorited,retweeted,lang,entities.hashtags,entities.symbols,entities.user_mentions,entities.urls,metadata.iso_language_code,metadata.result_type,user.id,user.id_str,user.name,user.screen_name,user.location,user.description,user.url,user.entities.description.urls,user.protected,user.followers_count,user.friends_count,user.listed_count,user.created_at,user.favourites_count,user.utc_offset,user.time_zone,user.geo_enabled,user.verified,user.statuses_count,user.lang,user.contributors_enabled,user.is_translator,user.is_translation_enabled,user.profile_background_color,user.profile_background_image_url,user.profile_background_image_url_https,user.profile_background_tile,user.profile_image_url,user.profile_image_url_https,user.profile_link_color,user.profile_sidebar_border_color,user.profile_sidebar_fill_color,user.profile_text_color,user.profile_use_background_image,user.has_extended_profile,user.default_profile,user.default_profile_image,user.following,user.follow_request_sent,user.notifications,user.translator_type,place.id,place.url,place.place_type,place.name,place.full_name,place.country_code,place.country,place.contained_within,place.bounding_box.type,place.bounding_box.coordinates,place,user.profile_banner_url,user.entities.url.urls,retweeted_status.created_at,retweeted_status.id,retweeted_status.id_str,retweeted_status.full_text,retweeted_status.truncated,retweeted_status.display_text_range,retweeted_status.entities.hashtags,retweeted_status.entities.symbols,retweeted_status.entities.user_mentions,retweeted_status.entities.urls,retweeted_status.metadata.iso_language_code,retweeted_status.metadata.result_type,retweeted_status.source,retweeted_status.in_reply_to_status_id,retweeted_status.in_reply_to_status_id_str,retweeted_status.in_reply_to_user_id,retweeted_status.in_reply_to_user_id_str,retweeted_status.in_reply_to_screen_name,retweeted_status.user.id,retweeted_status.user.id_str,retweeted_status.user.name,retweeted_status.user.screen_name,retweeted_status.user.location,retweeted_status.user.description,retweeted_status.user.url,retweeted_status.user.entities.url.urls,retweeted_status.user.entities.description.urls,retweeted_status.user.protected,retweeted_status.user.followers_count,retweeted_status.user.friends_count,retweeted_status.user.listed_count,retweeted_status.user.created_at,retweeted_status.user.favourites_count,retweeted_status.user.utc_offset,retweeted_status.user.time_zone,retweeted_status.user.geo_enabled,retweeted_status.user.verified,retweeted_status.user.statuses_count,retweeted_status.user.lang,retweeted_status.user.contributors_enabled,retweeted_status.user.is_translator,retweeted_status.user.is_translation_enabled,retweeted_status.user.profile_background_color,retweeted_status.user.profile_background_image_url,retweeted_status.user.profile_background_image_url_https,retweeted_status.user.profile_background_tile,retweeted_status.user.profile_image_url,retweeted_status.user.profile_image_url_https,retweeted_status.user.profile_banner_url,retweeted_status.user.profile_link_color,retweeted_status.user.profile_sidebar_border_color,retweeted_status.user.profile_sidebar_fill_color,retweeted_status.user.profile_text_color,retweeted_status.user.profile_use_background_image,retweeted_status.user.has_extended_profile,retweeted_status.user.default_profile,retweeted_status.user.default_profile_image,retweeted_status.user.following,retweeted_status.user.follow_request_sent,retweeted_status.user.notifications,retweeted_status.user.translator_type,retweeted_status.geo,retweeted_status.coordinates,retweeted_status.place.id,retweeted_status.place.url,retweeted_status.place.place_type,retweeted_status.place.name,retweeted_status.place.full_name,retweeted_status.place.country_code,retweeted_status.place.country,retweeted_status.place.contained_within,retweeted_status.place.bounding_box.type,retweeted_status.place.bounding_box.coordinates,retweeted_status.contributors,retweeted_status.is_quote_status,retweeted_status.retweet_count,retweeted_status.favorite_count,retweeted_status.favorited,retweeted_status.retweeted,retweeted_status.lang,retweeted_status.place,possibly_sensitive
8,Sat Jan 25 20:20:43 +0000 2020,1221166028157222912,1221166028157222912,"Hey, y‚Äôall, listen up. I want to give a shoutout to my colleague üëâüèΩ@DerickMaggard. He has been through a pretty rough patch, but it is great to see him back in action and ‚Äúswingin away.‚Äù üëè What he and @itsSeanJCollins do with the @ApexCenterVT at @virginia_tech is truly amazing!",False,"[0, 279]","<a href=""http://twitter.com/download/iphone"" rel=""nofollow"">Twitter for iPhone</a>",,,,,,,,,False,1,9,False,False,en,[],[],"[{'screen_name': 'DerickMaggard', 'name': 'Derick Maggard', 'id': 555375866, 'id_str': '555375866', 'indices': [67, 81]}, {'screen_name': 'itsSeanJCollins', 'name': 'Sean Collins', 'id': 2165761366, 'id_str': '2165761366', 'indices': [201, 217]}, {'screen_name': 'ApexCenterVT', 'name': 'Apex Center', 'id': 2773375441, 'id_str': '2773375441', 'indices': [230, 243]}, {'screen_name': 'virginia_tech', 'name': 'Virginia Tech', 'id': 17416707, 'id_str': '17416707', 'indices': [247, 261]}]",[],en,recent,840662162804731904,840662162804731904,Matt Holt,MattHoltProf,"Blacksburg, VA",Professor | Agriculturalist | Econometrician | Climate Resiliency Advocate | Data Sciences Advocate | Husband | Father | Farm boy | Hokie |Tweets are my own,https://t.co/aSbg3DvbsH,[],False,1506,1533,15,Sat Mar 11 20:34:13 +0000 2017,10643,,,True,False,5400,,False,False,False,000000,http://abs.twimg.com/images/themes/theme1/bg.png,https://abs.twimg.com/images/themes/theme1/bg.png,False,http://pbs.twimg.com/profile_images/910963043722547201/wUBqSdOo_normal.jpg,https://pbs.twimg.com/profile_images/910963043722547201/wUBqSdOo_normal.jpg,FF691F,000000,000000,000000,False,False,False,False,False,False,False,none,820684853e0f1eb6,https://api.twitter.com/1.1/geo/id/820684853e0f1eb6.json,city,Blacksburg,"Blacksburg, VA",US,United States,[],Polygon,"[[[-80.47611, 37.185195], [-80.381618, 37.185195], [-80.381618, 37.273387], [-80.47611, 37.273387]]]",,https://pbs.twimg.com/profile_banners/840662162804731904/1531537838,"[{'url': 'https://t.co/aSbg3DvbsH', 'expanded_url': 'https://aaec.vt.edu/people/faculty/holt-matthew.html', 'display_url': 'aaec.vt.edu/people/faculty‚Ä¶', 'indices': [0, 23]}]",,,,,,,,,,,,,,,,,,,,,,,,,,,,,,,,,,,,,,,,,,,,,,,,,,,,,,,,,,,,,,,,,,,,,,,,,,,,,,,,,,
23,Fri Jan 24 20:03:27 +0000 2020,1220799291104493568,1220799291104493568,@BryceAnderson_1 @samspiegs @sullivti @Hokie_Haven @virginia_tech @RoSimonJr @ErikRichardsUSA @DemetricDWarren @CoachPeevey @JasonStammSaid @CoachZihlman yessir,False,"[154, 160]","<a href=""http://twitter.com/download/iphone"" rel=""nofollow"">Twitter for iPhone</a>",1.2207894672645612e+18,1220789467264561152,1.0062230746336379e+18,1006223074633637888,BryceAnderson_1,,,,False,0,15,False,False,en,[],[],"[{'screen_name': 'BryceAnderson_1', 'name': 'Bryce Anderson ¬π', 'id': 1006223074633637888, 'id_str': '1006223074633637888', 'indices': [0, 16]}, {'screen_name': 'samspiegs', 'name': 'Sam Spiegelman', 'id': 40776527, 'id_str': '40776527', 'indices': [17, 27]}, {'screen_name': 'sullivti', 'name': 'Tim Sullivan', 'id': 26821255, 'id_str': '26821255', 'indices': [28, 37]}, {'screen_name': 'Hokie_Haven', 'name': 'HokieHaven.com', 'id': 173920070, 'id_str': '173920070', 'indices': [38, 50]}, {'screen_name': 'virginia_tech', 'name': 'Virginia Tech', 'id': 17416707, 'id_str': '17416707', 'indices': [51, 65]}, {'screen_name': 'RoSimonJr', 'name': 'üåπ', 'id': 921500317744758784, 'id_str': '921500317744758784', 'indices': [66, 76]}, {'screen_name': 'ErikRichardsUSA', 'name': 'Erik Richards', 'id': 72764133, 'id_str': '72764133', 'indices': [77, 93]}, {'screen_name': 'DemetricDWarren', 'name': 'Demetric D. Warren', 'id': 890065584, 'id_str': '890065584', 'indices': [94, 110]}, {'screen_name': 'CoachPeevey', 'name': 'Eric Peevey', 'id': 855446070377160706, 'id_str': '855446070377160706', 'indices': [111, 123]}, {'screen_name': 'JasonStammSaid', 'name': 'Jason Stamm üíØ', 'id': 110529943, 'id_str': '110529943', 'indices': [124, 139]}, {'screen_name': 'CoachZihlman', 'name': 'Coach Zihlman', 'id': 805088995789172736, 'id_str': '805088995789172736', 'indices': [140, 153]}]",[],en,recent,713789249229697024,713789249229697024,Landyn Watson,landynwatson,"Austin, TX",2021 Student-Athlete|Rare|ESPN300| https://t.co/wjAvBDBVNz #LandOfWatson @fast7v7,https://t.co/lagbeHsryA,"[{'url': 'https://t.co/wjAvBDBVNz', 'expanded_url': 'http://www.hudl.com/v/2CUf1Z', 'display_url': 'hudl.com/v/2CUf1Z', 'indices': [35, 58]}]",False,5018,513,12,Sat Mar 26 18:06:33 +0000 2016,24313,,,True,False,4070,,False,False,False,F5F8FA,,,False,http://pbs.twimg.com/profile_images/1215665920930127874/WBygsOyc_normal.jpg,https://pbs.twimg.com/profile_images/1215665920930127874/WBygsOyc_normal.jpg,1DA1F2,C0DEED,DDEEF6,333333,True,True,True,False,False,False,False,none,,,,,,,,,,,,https://pbs.twimg.com/profile_banners/713789249229697024/1578665864,"[{'url': 'https://t.co/lagbeHsryA', 'expanded_url': 'https://247sports.com/Player/Landyn-Watson-46054944/', 'display_url': '247sports.com/Player/Landyn-‚Ä¶', 'indices': [0, 23]}]",,,,,,,,,,,,,,,,,,,,,,,,,,,,,,,,,,,,,,,,,,,,,,,,,,,,,,,,,,,,,,,,,,,,,,,,,,,,,,,,,,
26,Fri Jan 24 16:23:49 +0000 2020,1220744021473157121,1220744021473157121,"@virginia_tech @TEDxVT The students responses were amazing! I'm definitely continuing with this exercise, introducing students to scientists that will challenge their views and perceptions of not only who does science but where and how science is done, its impacts, etc.  [8/8]",False,"[23, 277]","<a href=""https://mobile.twitter.com"" rel=""nofollow"">Twitter Web App</a>",1.2207424515703644e+18,1220742451570364416,14176449.0,14176449,guertin,,,,False,0,3,False,False,en,[],[],"[{'screen_name': 'virginia_tech', 'name': 'Virginia Tech', 'id': 17416707, 'id_str': '17416707', 'indices': [0, 14]}, {'screen_name': 'TEDxVT', 'name': 'TEDxVirginiaTech', 'id': 436376827, 'id_str': '436376827', 'indices': [15, 22]}]",[],en,recent,14176449,14176449,Dr. G,guertin,"Media, PA USA","Geologist/oceanographer & national park fan, would rather be outdoors... #NASASocial, NOAA Teacher at Sea Alum, AGU Blogger-GeoEd Trek - http://t.co/5sQ22oQ8vk",http://t.co/Ta0baQwfHT,"[{'url': 'http://t.co/5sQ22oQ8vk', 'expanded_url': 'http://blogs.agu.org/geoedtrek/', 'display_url': 'blogs.agu.org/geoedtrek/', 'indices': [137, 159]}]",False,2432,966,143,Wed Mar 19 13:22:33 +0000 2008,5189,,,False,False,7537,,False,False,False,9AE4E8,http://abs.twimg.com/images/themes/theme1/bg.png,https://abs.twimg.com/images/themes/theme1/bg.png,True,http://pbs.twimg.com/profile_images/773225364994785281/4UZ_NJOH_normal.jpg,https://pbs.twimg.com/profile_images/773225364994785281/4UZ_NJOH_normal.jpg,0000FF,FFFFFF,E0FF92,000000,True,False,False,False,False,False,False,none,,,,,,,,,,,,https://pbs.twimg.com/profile_banners/14176449/1411352124,"[{'url': 'http://t.co/Ta0baQwfHT', 'expanded_url': 'http://about.me/drlauraguertin', 'display_url': 'about.me/drlauraguertin', 'indices': [0, 22]}]",,,,,,,,,,,,,,,,,,,,,,,,,,,,,,,,,,,,,,,,,,,,,,,,,,,,,,,,,,,,,,,,,,,,,,,,,,,,,,,,,,
41,Thu Jan 23 17:50:39 +0000 2020,1220403484861792256,1220403484861792256,@HokiesFB @virginia_tech @ACCFootball @VT_alumni @HokieClub @HokiesMKTG @vtsga @hokiesports @Blacksburg_Gov @VTCorpsofCadets Pitt will shit on you,False,"[125, 146]","<a href=""http://twitter.com/download/iphone"" rel=""nofollow"">Twitter for iPhone</a>",1.219986929128788e+18,1219986929128787968,227342532.0,227342532,HokiesFB,,,,False,0,0,False,False,en,[],[],"[{'screen_name': 'HokiesFB', 'name': 'Virginia Tech Football', 'id': 227342532, 'id_str': '227342532', 'indices': [0, 9]}, {'screen_name': 'virginia_tech', 'name': 'Virginia Tech', 'id': 17416707, 'id_str': '17416707', 'indices': [10, 24]}, {'screen_name': 'ACCFootball', 'name': 'ACC Football', 'id': 59572333, 'id_str': '59572333', 'indices': [25, 37]}, {'screen_name': 'VT_alumni', 'name': 'Virginia Tech Alumni', 'id': 30758864, 'id_str': '30758864', 'indices': [38, 48]}, {'screen_name': 'HokieClub', 'name': 'Hokie Club', 'id': 259116777, 'id_str': '259116777', 'indices': [49, 59]}, {'screen_name': 'HokiesMKTG', 'name': 'VT Marketing & Promotions', 'id': 760033537, 'id_str': '760033537', 'indices': [60, 71]}, {'screen_name': 'vtsga', 'name': 'SGA of Virginia Tech', 'id': 17863253, 'id_str': '17863253', 'indices': [72, 78]}, {'screen_name': 'hokiesports', 'name': 'HokieSports', 'id': 16001276, 'id_str': '16001276', 'indices': [79, 91]}, {'screen_name': 'Blacksburg_Gov', 'name': 'Town of Blacksburg', 'id': 16000679, 'id_str': '16000679', 'indices': [92, 107]}, {'screen_name': 'VTCorpsofCadets', 'name': 'VT Corps of Cadets', 'id': 513328122, 'id_str': '513328122', 'indices': [108, 124]}]",[],en,recent,177068616,177068616,Matt Moore,Matt___Moore,"Pittsburgh, PA ",@CCUCHANTICLEERS Alumni Diehard @steelers and Pitt fan #SteelersNation #H2P,,[],False,203,529,0,Wed Aug 11 04:43:21 +0000 2010,2956,,,True,False,4513,,False,False,False,022330,http://abs.twimg.com/images/themes/theme15/bg.png,https://abs.twimg.com/images/themes/theme15/bg.png,True,http://pbs.twimg.com/profile_images/1218222589262299150/nCQuHKpU_normal.jpg,https://pbs.twimg.com/profile_images/1218222589262299150/nCQuHKpU_normal.jpg,0084B4,FFFFFF,C0DFEC,333333,True,False,False,False,False,False,False,none,,,,,,,,,,,,https://pbs.twimg.com/profile_banners/177068616/1579282001,,,,,,,,,,,,,,,,,,,,,,,,,,,,,,,,,,,,,,,,,,,,,,,,,,,,,,,,,,,,,,,,,,,,,,,,,,,,,,,,,,,
42,Thu Jan 23 17:34:34 +0000 2020,1220399439057244161,1220399439057244161,"Now, in grad school @virginia_tech I'm still blown away when some of my peers share with me their parents occupations. Until high school I didn't really know what college was beyond a place to watch great basketball and football.",False,"[0, 229]","<a href=""http://twitter.com/download/android"" rel=""nofollow"">Twitter for Android</a>",1.2203994380882985e+18,1220399438088298496,8.717710658187796e+17,871771065818779649,D_RyanKing,,,,False,0,0,False,False,en,[],[],"[{'screen_name': 'virginia_tech', 'name': 'Virginia Tech', 'id': 17416707, 'id_str': '17416707', 'indices': [20, 34]}]",[],en,recent,871771065818779649,871771065818779649,Ryan King,D_RyanKing,,#FirstGen #PhDCandidate in #TranslationalBiology (@VT_TBMH) studying how to improve survival after cardiac arrest. Grad Rep to VT BoV (@VTBoVGradRep).,,[],False,119,230,1,Mon Jun 05 16:49:53 +0000 2017,676,,,False,False,319,,False,False,False,F5F8FA,,,False,http://pbs.twimg.com/profile_images/1168878386200109056/bIXLhCFt_normal.jpg,https://pbs.twimg.com/profile_images/1168878386200109056/bIXLhCFt_normal.jpg,1DA1F2,C0DEED,DDEEF6,333333,True,True,True,False,False,False,False,none,,,,,,,,,,,,https://pbs.twimg.com/profile_banners/871771065818779649/1496799307,,,,,,,,,,,,,,,,,,,,,,,,,,,,,,,,,,,,,,,,,,,,,,,,,,,,,,,,,,,,,,,,,,,,,,,,,,,,,,,,,,,
52,Thu Jan 23 05:14:39 +0000 2020,1220213232138362881,1220213232138362881,"@Nouronal @Yale Yep. One would think @NIH would want to help the future generation, but as is talking a fellowship is a great career move but comes with a pay reduction at many universities. Unfortunately @virginia_tech hasn't fixed this either.",False,"[16, 245]","<a href=""http://twitter.com/download/android"" rel=""nofollow"">Twitter for Android</a>",1.220001101497426e+18,1220001101497425922,2941610871.0,2941610871,Nouronal,,,,False,0,2,False,False,en,[],[],"[{'screen_name': 'Nouronal', 'name': 'Nour Al-Muhtasib, PhD', 'id': 2941610871, 'id_str': '2941610871', 'indices': [0, 9]}, {'screen_name': 'Yale', 'name': 'Yale University', 'id': 5695032, 'id_str': '5695032', 'indices': [10, 15]}, {'screen_name': 'NIH', 'name': 'NIH', 'id': 15134240, 'id_str': '15134240', 'indices': [37, 41]}, {'screen_name': 'virginia_tech', 'name': 'Virginia Tech', 'id': 17416707, 'id_str': '17416707', 'indices': [205, 219]}]",[],en,recent,871771065818779649,871771065818779649,Ryan King,D_RyanKing,,#FirstGen #PhDCandidate in #TranslationalBiology (@VT_TBMH) studying how to improve survival after cardiac arrest. Grad Rep to VT BoV (@VTBoVGradRep).,,[],False,119,230,1,Mon Jun 05 16:49:53 +0000 2017,676,,,False,False,319,,False,False,False,F5F8FA,,,False,http://pbs.twimg.com/profile_images/1168878386200109056/bIXLhCFt_normal.jpg,https://pbs.twimg.com/profile_images/1168878386200109056/bIXLhCFt_normal.jpg,1DA1F2,C0DEED,DDEEF6,333333,True,True,True,False,False,False,False,none,,,,,,,,,,,,https://pbs.twimg.com/profile_banners/871771065818779649/1496799307,,,,,,,,,,,,,,,,,,,,,,,,,,,,,,,,,,,,,,,,,,,,,,,,,,,,,,,,,,,,,,,,,,,,,,,,,,,,,,,,,,,
53,Thu Jan 23 04:41:13 +0000 2020,1220204816347140096,1220204816347140096,@tgarchibald @virginia_tech @VCE_news @teagasc Fasciting. I‚Äôd like to know more.,False,"[47, 80]","<a href=""http://twitter.com/download/iphone"" rel=""nofollow"">Twitter for iPhone</a>",1.2201926373424415e+18,1220192637342441472,2189487878.0,2189487878,tgarchibald,,,,False,0,1,False,False,en,[],[],"[{'screen_name': 'tgarchibald', 'name': 'Tom Archibald', 'id': 2189487878, 'id_str': '2189487878', 'indices': [0, 12]}, {'screen_name': 'virginia_tech', 'name': 'Virginia Tech', 'id': 17416707, 'id_str': '17416707', 'indices': [13, 27]}, {'screen_name': 'VCE_news', 'name': 'Virginia Cooperative Extension', 'id': 255761021, 'id_str': '255761021', 'indices': [28, 37]}, {'screen_name': 'teagasc', 'name': 'Teagasc', 'id': 266560101, 'id_str': '266560101', 'indices': [38, 46]}]",[],en,recent,216740490,216740490,Timothy J. Shaffer,timothyjshaffer,"Manhattan, KS","Faculty @ksucommstudies & @KSU_icdd; Research & Communication @NICDInstitute; PhD @cornell, MPA/MA @univofdayton & BA @StBonaventure; Books: https://t.co/RUCBWbeSmb",https://t.co/zeUqHb2FWC,"[{'url': 'https://t.co/RUCBWbeSmb', 'expanded_url': 'http://amzn.to/2Yu99n1', 'display_url': 'amzn.to/2Yu99n1', 'indices': [141, 164]}]",False,1205,2957,18,Wed Nov 17 15:52:34 +0000 2010,4427,,,True,False,4652,,False,False,False,68645B,http://abs.twimg.com/images/themes/theme1/bg.png,https://abs.twimg.com/images/themes/theme1/bg.png,True,http://pbs.twimg.com/profile_images/868176848680648705/uw9DxFQe_normal.jpg,https://pbs.twimg.com/profile_images/868176848680648705/uw9DxFQe_normal.jpg,A2998B,FFFFFF,FFFFFF,333333,False,True,False,False,False,False,False,none,,,,,,,,,,,,https://pbs.twimg.com/profile_banners/216740490/1420751969,"[{'url': 'https://t.co/zeUqHb2FWC', 'expanded_url': 'https://www.timothyjshaffer.com/', 'display_url': 'timothyjshaffer.com', 'indices': [0, 23]}]",,,,,,,,,,,,,,,,,,,,,,,,,,,,,,,,,,,,,,,,,,,,,,,,,,,,,,,,,,,,,,,,,,,,,,,,,,,,,,,,,,
55,Thu Jan 23 03:52:49 +0000 2020,1220192637342441472,1220192637342441472,"@timothyjshaffer @virginia_tech I'll spread the word! Also, we have an educator exchange between @VCE_news and @teagasc. Three colleagues from there presented in Blacksburg earlier this year on farmer discussion groups, which made me think of your dissertation work on deliberative democracy &amp; farmer groups.",False,"[32, 312]","<a href=""https://mobile.twitter.com"" rel=""nofollow"">Twitter Web App</a>",1.2201846183196099e+18,1220184618319609857,216740490.0,216740490,timothyjshaffer,,,,False,0,2,False,False,en,[],[],"[{'screen_name': 'timothyjshaffer', 'name': 'Timothy J. Shaffer', 'id': 216740490, 'id_str': '216740490', 'indices': [0, 16]}, {'screen_name': 'virginia_tech', 'name': 'Virginia Tech', 'id': 17416707, 'id_str': '17416707', 'indices': [17, 31]}, {'screen_name': 'VCE_news', 'name': 'Virginia Cooperative Extension', 'id': 255761021, 'id_str': '255761021', 'indices': [97, 106]}, {'screen_name': 'teagasc', 'name': 'Teagasc', 'id': 266560101, 'id_str': '266560101', 'indices': [111, 119]}]",[],en,recent,2189487878,2189487878,Tom Archibald,tgarchibald,"Blacksburg, VA",An evaluator / researcher / educator promoting evaluative thinking and participatory community development @virginia_tech,https://t.co/nAGhYj0Evu,[],False,2127,2891,71,Tue Nov 12 03:02:53 +0000 2013,11178,,,True,False,3824,,False,False,False,C0DEED,http://abs.twimg.com/images/themes/theme1/bg.png,https://abs.twimg.com/images/themes/theme1/bg.png,False,http://pbs.twimg.com/profile_images/748875264235606016/iEfbvZP0_normal.jpg,https://pbs.twimg.com/profile_images/748875264235606016/iEfbvZP0_normal.jpg,1DA1F2,C0DEED,DDEEF6,333333,True,False,True,False,False,False,False,none,,,,,,,,,,,,https://pbs.twimg.com/profile_banners/2189487878/1402973921,"[{'url': 'https://t.co/nAGhYj0Evu', 'expanded_url': 'https://sites.google.com/vt.edu/tgarch', 'display_url': 'sites.google.com/vt.edu/tgarch', 'indices': [0, 23]}]",,,,,,,,,,,,,,,,,,,,,,,,,,,,,,,,,,,,,,,,,,,,,,,,,,,,,,,,,,,,,,,,,,,,,,,,,,,,,,,,,,
56,Thu Jan 23 03:20:57 +0000 2020,1220184618319609857,1220184618319609857,Maybe you‚Äôve got a student at @virginia_tech interested in learning more about citizen-centered democracy @tgarchibald.,False,"[0, 119]","<a href=""http://twitter.com/download/iphone"" rel=""nofollow"">Twitter for iPhone</a>",1.2201657140672963e+18,1220165714067296257,216740490.0,216740490,timothyjshaffer,,,,False,0,1,False,False,en,[],[],"[{'screen_name': 'virginia_tech', 'name': 'Virginia Tech', 'id': 17416707, 'id_str': '17416707', 'indices': [30, 44]}, {'screen_name': 'tgarchibald', 'name': 'Tom Archibald', 'id': 2189487878, 'id_str': '2189487878', 'indices': [106, 118]}]",[],en,recent,216740490,216740490,Timothy J. Shaffer,timothyjshaffer,"Manhattan, KS","Faculty @ksucommstudies & @KSU_icdd; Research & Communication @NICDInstitute; PhD @cornell, MPA/MA @univofdayton & BA @StBonaventure; Books: https://t.co/RUCBWbeSmb",https://t.co/zeUqHb2FWC,"[{'url': 'https://t.co/RUCBWbeSmb', 'expanded_url': 'http://amzn.to/2Yu99n1', 'display_url': 'amzn.to/2Yu99n1', 'indices': [141, 164]}]",False,1205,2957,18,Wed Nov 17 15:52:34 +0000 2010,4427,,,True,False,4652,,False,False,False,68645B,http://abs.twimg.com/images/themes/theme1/bg.png,https://abs.twimg.com/images/themes/theme1/bg.png,True,http://pbs.twimg.com/profile_images/868176848680648705/uw9DxFQe_normal.jpg,https://pbs.twimg.com/profile_images/868176848680648705/uw9DxFQe_normal.jpg,A2998B,FFFFFF,FFFFFF,333333,False,True,False,False,False,False,False,none,1276a44d783a529d,https://api.twitter.com/1.1/geo/id/1276a44d783a529d.json,city,Manhattan,"Manhattan, KS",US,United States,[],Polygon,"[[[-96.649744, 39.159985], [-96.499443, 39.159985], [-96.499443, 39.259872], [-96.649744, 39.259872]]]",,https://pbs.twimg.com/profile_banners/216740490/1420751969,"[{'url': 'https://t.co/zeUqHb2FWC', 'expanded_url': 'https://www.timothyjshaffer.com/', 'display_url': 'timothyjshaffer.com', 'indices': [0, 23]}]",,,,,,,,,,,,,,,,,,,,,,,,,,,,,,,,,,,,,,,,,,,,,,,,,,,,,,,,,,,,,,,,,,,,,,,,,,,,,,,,,,
58,Thu Jan 23 01:46:41 +0000 2020,1220160895688548352,1220160895688548352,@virginia_tech @vtnews @VirginiaTechCEE Whew! I might have otherwise assumed these were coming from the deliberations of the University P&amp;T committee!,False,"[40, 154]","<a href=""https://mobile.twitter.com"" rel=""nofollow"">Twitter Web App</a>",1.220059810714071e+18,1220059810714071040,17416707.0,17416707,virginia_tech,,,,False,0,1,False,False,en,[],[],"[{'screen_name': 'virginia_tech', 'name': 'Virginia Tech', 'id': 17416707, 'id_str': '17416707', 'indices': [0, 14]}, {'screen_name': 'vtnews', 'name': 'Virginia Tech News', 'id': 17374056, 'id_str': '17374056', 'indices': [15, 22]}, {'screen_name': 'VirginiaTechCEE', 'name': 'Virginia Tech Civil and Environmental Engineering', 'id': 2424176252, 'id_str': '2424176252', 'indices': [23, 39]}]",[],en,recent,840662162804731904,840662162804731904,Matt Holt,MattHoltProf,"Blacksburg, VA",Professor | Agriculturalist | Econometrician | Climate Resiliency Advocate | Data Sciences Advocate | Husband | Father | Farm boy | Hokie |Tweets are my own,https://t.co/aSbg3DvbsH,[],False,1506,1533,15,Sat Mar 11 20:34:13 +0000 2017,10643,,,True,False,5400,,False,False,False,000000,http://abs.twimg.com/images/themes/theme1/bg.png,https://abs.twimg.com/images/themes/theme1/bg.png,False,http://pbs.twimg.com/profile_images/910963043722547201/wUBqSdOo_normal.jpg,https://pbs.twimg.com/profile_images/910963043722547201/wUBqSdOo_normal.jpg,FF691F,000000,000000,000000,False,False,False,False,False,False,False,none,,,,,,,,,,,,https://pbs.twimg.com/profile_banners/840662162804731904/1531537838,"[{'url': 'https://t.co/aSbg3DvbsH', 'expanded_url': 'https://aaec.vt.edu/people/faculty/holt-matthew.html', 'display_url': 'aaec.vt.edu/people/faculty‚Ä¶', 'indices': [0, 23]}]",,,,,,,,,,,,,,,,,,,,,,,,,,,,,,,,,,,,,,,,,,,,,,,,,,,,,,,,,,,,,,,,,,,,,,,,,,,,,,,,,,
74,Wed Jan 22 20:10:51 +0000 2020,1220076378705616898,1220076378705616898,"RT @virginia_tech: Chicken parm has been the big bird on campus for a while now, but General Tso‚Äôs is quickly becoming a Hokie favorite. üò≤‚Ä¶",False,"[0, 139]","<a href=""https://mobile.twitter.com"" rel=""nofollow"">Twitter Web App</a>",,,,,,,,,False,8,0,False,False,en,[],[],"[{'screen_name': 'virginia_tech', 'name': 'Virginia Tech', 'id': 17416707, 'id_str': '17416707', 'indices': [3, 17]}]",[],en,recent,2557366812,2557366812,VT Dining Services,HokieDining,"Blacksburg, VA",Virginia Tech Dining Services is pleased to provide students with a national award-winning program that is committed to innovation and student satisfaction.,,[],False,5929,3351,35,Mon Jun 09 19:14:06 +0000 2014,3517,,,True,False,5143,,False,False,False,EBEBEB,http://abs.twimg.com/images/themes/theme7/bg.gif,https://abs.twimg.com/images/themes/theme7/bg.gif,False,http://pbs.twimg.com/profile_images/1108396621979619328/FfKZeSVW_normal.png,https://pbs.twimg.com/profile_images/1108396621979619328/FfKZeSVW_normal.png,660000,C0DEED,DDEEF6,333333,True,False,False,False,False,False,False,none,,,,,,,,,,,,https://pbs.twimg.com/profile_banners/2557366812/1553097589,,Wed Jan 22 16:23:04 +0000 2020,1.2200190554757734e+18,1220019055475773442,"Chicken parm has been the big bird on campus for a while now, but General Tso‚Äôs is quickly becoming a Hokie favorite. üò≤ We‚Äôll see who makes it to the top of the pecking order on Feb. 19 for the @HokieDining Battle of the Birds.üêîüçù ü•ä üêîü•†

Which iconic dish is your favorite?",False,"[0, 271]",[],[],"[{'screen_name': 'HokieDining', 'name': 'VT Dining Services', 'id': 2557366812, 'id_str': '2557366812', 'indices': [194, 206]}]",[],en,recent,"<a href=""https://mobile.twitter.com"" rel=""nofollow"">Twitter Web App</a>",,,,,,17416707.0,17416707,Virginia Tech,virginia_tech,"Blacksburg, Virginia","Solving complex problems, pushing boundaries, serving others, & reimagining education & technology. We are #VirginiaTech & you are welcome here. Go #Hokies! ü¶É",https://t.co/kcDLrnV2ux,"[{'url': 'https://t.co/kcDLrnV2ux', 'expanded_url': 'http://www.vt.edu', 'display_url': 'vt.edu', 'indices': [0, 23]}]",[],False,74503.0,414.0,553.0,Sun Nov 16 02:23:01 +0000 2008,7816.0,,,True,True,14204.0,,False,False,False,DBD8BC,http://abs.twimg.com/images/themes/theme1/bg.png,https://abs.twimg.com/images/themes/theme1/bg.png,False,http://pbs.twimg.com/profile_images/912697574582358017/ZxBZJZh1_normal.jpg,https://pbs.twimg.com/profile_images/912697574582358017/ZxBZJZh1_normal.jpg,https://pbs.twimg.com/profile_banners/17416707/1572183754,660000,FFFFFF,DDEEF6,333333,True,False,False,False,False,False,False,none,,,,,,,,,,,,,,False,8.0,14.0,False,False,en,,
79,Wed Jan 22 19:10:21 +0000 2020,1220061152790503425,1220061152790503425,@HokiesFB @virginia_tech @ACCFootball @VT_alumni @HokieClub @HokiesMKTG @vtsga @hokiesports @Blacksburg_Gov @VTCorpsofCadets Will be at the penn state game LFGü•≥ü•≥ü•≥ü•≥,False,"[125, 163]","<a href=""http://twitter.com/download/iphone"" rel=""nofollow"">Twitter for iPhone</a>",1.219986929128788e+18,1219986929128787968,227342532.0,227342532,HokiesFB,,,,False,0,0,False,False,en,[],[],"[{'screen_name': 'HokiesFB', 'name': 'Virginia Tech Football', 'id': 227342532, 'id_str': '227342532', 'indices': [0, 9]}, {'screen_name': 'virginia_tech', 'name': 'Virginia Tech', 'id': 17416707, 'id_str': '17416707', 'indices': [10, 24]}, {'screen_name': 'ACCFootball', 'name': 'ACC Football', 'id': 59572333, 'id_str': '59572333', 'indices': [25, 37]}, {'screen_name': 'VT_alumni', 'name': 'Virginia Tech Alumni', 'id': 30758864, 'id_str': '30758864', 'indices': [38, 48]}, {'screen_name': 'HokieClub', 'name': 'Hokie Club', 'id': 259116777, 'id_str': '259116777', 'indices': [49, 59]}, {'screen_name': 'HokiesMKTG', 'name': 'VT Marketing & Promotions', 'id': 760033537, 'id_str': '760033537', 'indices': [60, 71]}, {'screen_name': 'vtsga', 'name': 'SGA of Virginia Tech', 'id': 17863253, 'id_str': '17863253', 'indices': [72, 78]}, {'screen_name': 'hokiesports', 'name': 'HokieSports', 'id': 16001276, 'id_str': '16001276', 'indices': [79, 91]}, {'screen_name': 'Blacksburg_Gov', 'name': 'Town of Blacksburg', 'id': 16000679, 'id_str': '16000679', 'indices': [92, 107]}, {'screen_name': 'VTCorpsofCadets', 'name': 'VT Corps of Cadets', 'id': 513328122, 'id_str': '513328122', 'indices': [108, 124]}]",[],en,recent,843603399857848320,843603399857848320,Montyyy,MontyBangz,"Berkeley, CA",| Penn State Alumnus 18‚Äô| PS4 & Fruit Snack Enthusiast | #WETHENORTH,https://t.co/1hjeAAmybW,[],False,174,326,0,Sun Mar 19 23:21:38 +0000 2017,5948,,,True,False,14060,,False,False,False,F5F8FA,,,False,http://pbs.twimg.com/profile_images/1162958462008958976/XFDDAv_S_normal.jpg,https://pbs.twimg.com/profile_images/1162958462008958976/XFDDAv_S_normal.jpg,1DA1F2,C0DEED,DDEEF6,333333,True,True,True,False,False,False,False,none,,,,,,,,,,,,https://pbs.twimg.com/profile_banners/843603399857848320/1566754683,"[{'url': 'https://t.co/1hjeAAmybW', 'expanded_url': 'https://oracleofmonte.wordpress.com/h', 'display_url': 'oracleofmonte.wordpress.com/h', 'indices': [0, 23]}]",,,,,,,,,,,,,,,,,,,,,,,,,,,,,,,,,,,,,,,,,,,,,,,,,,,,,,,,,,,,,,,,,,,,,,,,,,,,,,,,,,
82,Wed Jan 22 18:05:45 +0000 2020,1220044899220971523,1220044899220971523,"RT @virginia_tech: Chicken parm has been the big bird on campus for a while now, but General Tso‚Äôs is quickly becoming a Hokie favorite. üò≤‚Ä¶",False,"[0, 139]","<a href=""http://twitter.com/download/iphone"" rel=""nofollow"">Twitter for iPhone</a>",,,,,,,,,False,8,0,False,False,en,[],[],"[{'screen_name': 'virginia_tech', 'name': 'Virginia Tech', 'id': 17416707, 'id_str': '17416707', 'indices': [3, 17]}]",[],en,recent,1188908696975347712,1188908696975347712,Jimmy Heagerty,Jimothyheagerty,"Virginia, USA","Aspiring attorney, political activist and entrepreneur. Student at Virginia Tech/Majoring In Business management, Politics, Economics and Philosophy",,[],False,23,63,0,Mon Oct 28 20:01:48 +0000 2019,56,,,False,False,36,,False,False,False,F5F8FA,,,False,http://pbs.twimg.com/profile_images/1191921065326448641/0--CZ6Ik_normal.jpg,https://pbs.twimg.com/profile_images/1191921065326448641/0--CZ6Ik_normal.jpg,1DA1F2,C0DEED,DDEEF6,333333,True,True,True,False,False,False,False,none,,,,,,,,,,,,https://pbs.twimg.com/profile_banners/1188908696975347712/1573011136,,Wed Jan 22 16:23:04 +0000 2020,1.2200190554757734e+18,1220019055475773442,"Chicken parm has been the big bird on campus for a while now, but General Tso‚Äôs is quickly becoming a Hokie favorite. üò≤ We‚Äôll see who makes it to the top of the pecking order on Feb. 19 for the @HokieDining Battle of the Birds.üêîüçù ü•ä üêîü•†

Which iconic dish is your favorite?",False,"[0, 271]",[],[],"[{'screen_name': 'HokieDining', 'name': 'VT Dining Services', 'id': 2557366812, 'id_str': '2557366812', 'indices': [194, 206]}]",[],en,recent,"<a href=""https://mobile.twitter.com"" rel=""nofollow"">Twitter Web App</a>",,,,,,17416707.0,17416707,Virginia Tech,virginia_tech,"Blacksburg, Virginia","Solving complex problems, pushing boundaries, serving others, & reimagining education & technology. We are #VirginiaTech & you are welcome here. Go #Hokies! ü¶É",https://t.co/kcDLrnV2ux,"[{'url': 'https://t.co/kcDLrnV2ux', 'expanded_url': 'http://www.vt.edu', 'display_url': 'vt.edu', 'indices': [0, 23]}]",[],False,74503.0,414.0,553.0,Sun Nov 16 02:23:01 +0000 2008,7816.0,,,True,True,14204.0,,False,False,False,DBD8BC,http://abs.twimg.com/images/themes/theme1/bg.png,https://abs.twimg.com/images/themes/theme1/bg.png,False,http://pbs.twimg.com/profile_images/912697574582358017/ZxBZJZh1_normal.jpg,https://pbs.twimg.com/profile_images/912697574582358017/ZxBZJZh1_normal.jpg,https://pbs.twimg.com/profile_banners/17416707/1572183754,660000,FFFFFF,DDEEF6,333333,True,False,False,False,False,False,False,none,,,,,,,,,,,,,,False,8.0,14.0,False,False,en,,
101,Wed Jan 22 15:54:48 +0000 2020,1220011941596422144,1220011941596422144,@michaelfoxlab @virginia_tech @FralinBiomed @williamguido14 @NCharalambakis @Neubadah @RachanaDSomaiya @monavarfeshani Beautiful paper! Congrats @michaelfoxlab and team!,False,"[119, 169]","<a href=""https://mobile.twitter.com"" rel=""nofollow"">Twitter Web App</a>",1.2198057836191867e+18,1219805783619186688,3119451341.0,3119451341,michaelfoxlab,,,,False,0,3,False,False,en,[],[],"[{'screen_name': 'michaelfoxlab', 'name': 'Michael Fox', 'id': 3119451341, 'id_str': '3119451341', 'indices': [0, 14]}, {'screen_name': 'virginia_tech', 'name': 'Virginia Tech', 'id': 17416707, 'id_str': '17416707', 'indices': [15, 29]}, {'screen_name': 'FralinBiomed', 'name': 'Fralin Biomedical Research Institute', 'id': 142791151, 'id_str': '142791151', 'indices': [30, 43]}, {'screen_name': 'williamguido14', 'name': 'william guido', 'id': 929919020182179840, 'id_str': '929919020182179840', 'indices': [44, 59]}, {'screen_name': 'NCharalambakis', 'name': 'Naomi Charalambakis', 'id': 243033705, 'id_str': '243033705', 'indices': [60, 75]}, {'screen_name': 'Neubadah', 'name': 'Ubadah Sabbagh', 'id': 782655770047283206, 'id_str': '782655770047283206', 'indices': [76, 85]}, {'screen_name': 'RachanaDSomaiya', 'name': 'Rachana Deven Somaiya', 'id': 958769528967782402, 'id_str': '958769528967782402', 'indices': [86, 102]}, {'screen_name': 'monavarfeshani', 'name': 'Aboozar M', 'id': 712777461658849280, 'id_str': '712777461658849280', 'indices': [103, 118]}, {'screen_name': 'michaelfoxlab', 'name': 'Michael Fox', 'id': 3119451341, 'id_str': '3119451341', 'indices': [145, 159]}]",[],en,recent,62277148,62277148,Mychael Lourenco,mvlourenco,"Rio de Janeiro, Brazil","Neuroscientist studying molecular mechanisms of neurological disorders. Assistant Professor at @UFRJ. Loves science, music, and football.",https://t.co/4dd4ekhYAK,[],False,1014,1650,31,Sun Aug 02 15:13:10 +0000 2009,14249,,,True,False,6639,,False,False,False,C0DEED,http://abs.twimg.com/images/themes/theme1/bg.png,https://abs.twimg.com/images/themes/theme1/bg.png,False,http://pbs.twimg.com/profile_images/644503666569908224/1BHrVSuC_normal.jpg,https://pbs.twimg.com/profile_images/644503666569908224/1BHrVSuC_normal.jpg,1DA1F2,C0DEED,DDEEF6,333333,True,False,True,False,False,False,False,none,,,,,,,,,,,,https://pbs.twimg.com/profile_banners/62277148/1442496737,"[{'url': 'https://t.co/4dd4ekhYAK', 'expanded_url': 'http://www.lourencolab.org/', 'display_url': 'lourencolab.org', 'indices': [0, 23]}]",,,,,,,,,,,,,,,,,,,,,,,,,,,,,,,,,,,,,,,,,,,,,,,,,,,,,,,,,,,,,,,,,,,,,,,,,,,,,,,,,,
106,Wed Jan 22 15:48:23 +0000 2020,1220010327707934721,1220010327707934721,@HokiesFB @virginia_tech @ACCFootball @VT_alumni @HokieClub @HokiesMKTG @vtsga @hokiesports @Blacksburg_Gov @VTCorpsofCadets Curious to see life post foster.,False,"[125, 157]","<a href=""http://twitter.com/download/iphone"" rel=""nofollow"">Twitter for iPhone</a>",1.219986929128788e+18,1219986929128787968,227342532.0,227342532,HokiesFB,,,,False,0,0,False,False,en,[],[],"[{'screen_name': 'HokiesFB', 'name': 'Virginia Tech Football', 'id': 227342532, 'id_str': '227342532', 'indices': [0, 9]}, {'screen_name': 'virginia_tech', 'name': 'Virginia Tech', 'id': 17416707, 'id_str': '17416707', 'indices': [10, 24]}, {'screen_name': 'ACCFootball', 'name': 'ACC Football', 'id': 59572333, 'id_str': '59572333', 'indices': [25, 37]}, {'screen_name': 'VT_alumni', 'name': 'Virginia Tech Alumni', 'id': 30758864, 'id_str': '30758864', 'indices': [38, 48]}, {'screen_name': 'HokieClub', 'name': 'Hokie Club', 'id': 259116777, 'id_str': '259116777', 'indices': [49, 59]}, {'screen_name': 'HokiesMKTG', 'name': 'VT Marketing & Promotions', 'id': 760033537, 'id_str': '760033537', 'indices': [60, 71]}, {'screen_name': 'vtsga', 'name': 'SGA of Virginia Tech', 'id': 17863253, 'id_str': '17863253', 'indices': [72, 78]}, {'screen_name': 'hokiesports', 'name': 'HokieSports', 'id': 16001276, 'id_str': '16001276', 'indices': [79, 91]}, {'screen_name': 'Blacksburg_Gov', 'name': 'Town of Blacksburg', 'id': 16000679, 'id_str': '16000679', 'indices': [92, 107]}, {'screen_name': 'VTCorpsofCadets', 'name': 'VT Corps of Cadets', 'id': 513328122, 'id_str': '513328122', 'indices': [108, 124]}]",[],en,recent,944664589714841602,944664589714841602,Keith May,kmay58,"Mount Washington, KY",@UPikeFootball Alum | Social Studies Teacher | Asst. Football Coach at Saint Xavier HS,,[],False,258,244,0,Sat Dec 23 20:22:44 +0000 2017,318,,,True,False,925,,False,False,False,F5F8FA,,,False,http://pbs.twimg.com/profile_images/1198720465168146434/qsIhehj5_normal.jpg,https://pbs.twimg.com/profile_images/1198720465168146434/qsIhehj5_normal.jpg,1DA1F2,C0DEED,DDEEF6,333333,True,True,True,False,False,False,False,none,,,,,,,,,,,,https://pbs.twimg.com/profile_banners/944664589714841602/1577745166,,,,,,,,,,,,,,,,,,,,,,,,,,,,,,,,,,,,,,,,,,,,,,,,,,,,,,,,,,,,,,,,,,,,,,,,,,,,,,,,,,,
128,Wed Jan 22 12:36:15 +0000 2020,1219961975117164545,1219961975117164545,@michaelfoxlab @virginia_tech @FralinBiomed @williamguido14 @NCharalambakis @Neubadah @RachanaDSomaiya @monavarfeshani Congratulations! Looking forward to reading it,False,"[119, 165]","<a href=""http://twitter.com/download/iphone"" rel=""nofollow"">Twitter for iPhone</a>",1.2198057836191867e+18,1219805783619186688,3119451341.0,3119451341,michaelfoxlab,,,,False,0,4,False,False,en,[],[],"[{'screen_name': 'michaelfoxlab', 'name': 'Michael Fox', 'id': 3119451341, 'id_str': '3119451341', 'indices': [0, 14]}, {'screen_name': 'virginia_tech', 'name': 'Virginia Tech', 'id': 17416707, 'id_str': '17416707', 'indices': [15, 29]}, {'screen_name': 'FralinBiomed', 'name': 'Fralin Biomedical Research Institute', 'id': 142791151, 'id_str': '142791151', 'indices': [30, 43]}, {'screen_name': 'williamguido14', 'name': 'william guido', 'id': 929919020182179840, 'id_str': '929919020182179840', 'indices': [44, 59]}, {'screen_name': 'NCharalambakis', 'name': 'Naomi Charalambakis', 'id': 243033705, 'id_str': '243033705', 'indices': [60, 75]}, {'screen_name': 'Neubadah', 'name': 'Ubadah Sabbagh', 'id': 782655770047283206, 'id_str': '782655770047283206', 'indices': [76, 85]}, {'screen_name': 'RachanaDSomaiya', 'name': 'Rachana Deven Somaiya', 'id': 958769528967782402, 'id_str': '958769528967782402', 'indices': [86, 102]}, {'screen_name': 'monavarfeshani', 'name': 'Aboozar M', 'id': 712777461658849280, 'id_str': '712777461658849280', 'indices': [103, 118]}]",[],en,recent,968161699089014784,968161699089014784,Joshua A. Weiner,JW_UI_Neuro,"Iowa City, IA",Neuroscience. Drums. Guitars. Views my own. RT/Likes may be ironic.,,[],False,221,944,2,Mon Feb 26 16:31:51 +0000 2018,31004,,,True,False,356,,False,False,False,000000,http://abs.twimg.com/images/themes/theme1/bg.png,https://abs.twimg.com/images/themes/theme1/bg.png,False,http://pbs.twimg.com/profile_images/1208852821694722051/69q51hWj_normal.jpg,https://pbs.twimg.com/profile_images/1208852821694722051/69q51hWj_normal.jpg,1B95E0,000000,000000,000000,False,True,False,False,False,False,False,none,,,,,,,,,,,,https://pbs.twimg.com/profile_banners/968161699089014784/1519663118,,,,,,,,,,,,,,,,,,,,,,,,,,,,,,,,,,,,,,,,,,,,,,,,,,,,,,,,,,,,,,,,,,,,,,,,,,,,,,,,,,,
130,Wed Jan 22 07:40:08 +0000 2020,1219887456549593088,1219887456549593088,@michaelfoxlab @virginia_tech @FralinBiomed @williamguido14 @NCharalambakis @Neubadah @RachanaDSomaiya @monavarfeshani Congratulations to all of you üí™‚ò∫Ô∏è,False,"[119, 152]","<a href=""http://twitter.com/download/iphone"" rel=""nofollow"">Twitter for iPhone</a>",1.2198057836191867e+18,1219805783619186688,3119451341.0,3119451341,michaelfoxlab,,,,False,0,2,False,False,en,[],[],"[{'screen_name': 'michaelfoxlab', 'name': 'Michael Fox', 'id': 3119451341, 'id_str': '3119451341', 'indices': [0, 14]}, {'screen_name': 'virginia_tech', 'name': 'Virginia Tech', 'id': 17416707, 'id_str': '17416707', 'indices': [15, 29]}, {'screen_name': 'FralinBiomed', 'name': 'Fralin Biomedical Research Institute', 'id': 142791151, 'id_str': '142791151', 'indices': [30, 43]}, {'screen_name': 'williamguido14', 'name': 'william guido', 'id': 929919020182179840, 'id_str': '929919020182179840', 'indices': [44, 59]}, {'screen_name': 'NCharalambakis', 'name': 'Naomi Charalambakis', 'id': 243033705, 'id_str': '243033705', 'indices': [60, 75]}, {'screen_name': 'Neubadah', 'name': 'Ubadah Sabbagh', 'id': 782655770047283206, 'id_str': '782655770047283206', 'indices': [76, 85]}, {'screen_name': 'RachanaDSomaiya', 'name': 'Rachana Deven Somaiya', 'id': 958769528967782402, 'id_str': '958769528967782402', 'indices': [86, 102]}, {'screen_name': 'monavarfeshani', 'name': 'Aboozar M', 'id': 712777461658849280, 'id_str': '712777461658849280', 'indices': [103, 118]}]",[],en,recent,22380947,22380947,Lara Dahora,larastwitta,"Blacksburg, VA","neuroscientistüß†, PhD student in @thompsonlab2, @VT_Biology | @UGA alumna | love doggos, science, podcasts, and sports | she/her Tweets/opinions mine  üáßüá∑",,[],False,902,3700,9,Sun Mar 01 17:06:53 +0000 2009,12570,,,True,False,18164,,False,False,False,FFF04D,http://abs.twimg.com/images/themes/theme19/bg.gif,https://abs.twimg.com/images/themes/theme19/bg.gif,False,http://pbs.twimg.com/profile_images/780914246171238400/pkQE5xjG_normal.jpg,https://pbs.twimg.com/profile_images/780914246171238400/pkQE5xjG_normal.jpg,0099CC,FFF8AD,F6FFD1,333333,True,False,False,False,False,False,False,none,820684853e0f1eb6,https://api.twitter.com/1.1/geo/id/820684853e0f1eb6.json,city,Blacksburg,"Blacksburg, VA",US,United States,[],Polygon,"[[[-80.47611, 37.185195], [-80.381618, 37.185195], [-80.381618, 37.273387], [-80.47611, 37.273387]]]",,https://pbs.twimg.com/profile_banners/22380947/1540421876,,,,,,,,,,,,,,,,,,,,,,,,,,,,,,,,,,,,,,,,,,,,,,,,,,,,,,,,,,,,,,,,,,,,,,,,,,,,,,,,,,,
131,Wed Jan 22 05:08:36 +0000 2020,1219849321367121921,1219849321367121921,@michaelfoxlab @virginia_tech @FralinBiomed @williamguido14 @NCharalambakis @Neubadah @RachanaDSomaiya @monavarfeshani Congrats!,False,"[119, 128]","<a href=""https://mobile.twitter.com"" rel=""nofollow"">Twitter Web App</a>",1.2198057836191867e+18,1219805783619186688,3119451341.0,3119451341,michaelfoxlab,,,,False,0,2,False,False,en,[],[],"[{'screen_name': 'michaelfoxlab', 'name': 'Michael Fox', 'id': 3119451341, 'id_str': '3119451341', 'indices': [0, 14]}, {'screen_name': 'virginia_tech', 'name': 'Virginia Tech', 'id': 17416707, 'id_str': '17416707', 'indices': [15, 29]}, {'screen_name': 'FralinBiomed', 'name': 'Fralin Biomedical Research Institute', 'id': 142791151, 'id_str': '142791151', 'indices': [30, 43]}, {'screen_name': 'williamguido14', 'name': 'william guido', 'id': 929919020182179840, 'id_str': '929919020182179840', 'indices': [44, 59]}, {'screen_name': 'NCharalambakis', 'name': 'Naomi Charalambakis', 'id': 243033705, 'id_str': '243033705', 'indices': [60, 75]}, {'screen_name': 'Neubadah', 'name': 'Ubadah Sabbagh', 'id': 782655770047283206, 'id_str': '782655770047283206', 'indices': [76, 85]}, {'screen_name': 'RachanaDSomaiya', 'name': 'Rachana Deven Somaiya', 'id': 958769528967782402, 'id_str': '958769528967782402', 'indices': [86, 102]}, {'screen_name': 'monavarfeshani', 'name': 'Aboozar M', 'id': 712777461658849280, 'id_str': '712777461658849280', 'indices': [103, 118]}]",[],en,recent,1223958859,1223958859,Albert Pan,YAlbertPan,"Roanoke, VA","Developmental Neuroscientist, Faculty @FralinBiomed",,[],False,294,283,6,Wed Feb 27 08:30:51 +0000 2013,909,,,False,False,334,,False,False,False,C0DEED,http://abs.twimg.com/images/themes/theme1/bg.png,https://abs.twimg.com/images/themes/theme1/bg.png,False,http://pbs.twimg.com/profile_images/884427827214528513/BIRjRyGX_normal.jpg,https://pbs.twimg.com/profile_images/884427827214528513/BIRjRyGX_normal.jpg,1DA1F2,C0DEED,DDEEF6,333333,True,False,True,False,False,False,False,none,,,,,,,,,,,,,,,,,,,,,,,,,,,,,,,,,,,,,,,,,,,,,,,,,,,,,,,,,,,,,,,,,,,,,,,,,,,,,,,,,,,,,,,,,,,,,,,
132,Wed Jan 22 03:35:17 +0000 2020,1219825838117359616,1219825838117359616,@michaelfoxlab @virginia_tech @FralinBiomed @williamguido14 @NCharalambakis @Neubadah @RachanaDSomaiya @monavarfeshani Congrats! Looks really cool.  Adding to my already really long list of reading to catch up on after this grant submission!,False,"[119, 241]","<a href=""https://mobile.twitter.com"" rel=""nofollow"">Twitter Web App</a>",1.2198057836191867e+18,1219805783619186688,3119451341.0,3119451341,michaelfoxlab,,,,False,0,5,False,False,en,[],[],"[{'screen_name': 'michaelfoxlab', 'name': 'Michael Fox', 'id': 3119451341, 'id_str': '3119451341', 'indices': [0, 14]}, {'screen_name': 'virginia_tech', 'name': 'Virginia Tech', 'id': 17416707, 'id_str': '17416707', 'indices': [15, 29]}, {'screen_name': 'FralinBiomed', 'name': 'Fralin Biomedical Research Institute', 'id': 142791151, 'id_str': '142791151', 'indices': [30, 43]}, {'screen_name': 'williamguido14', 'name': 'william guido', 'id': 929919020182179840, 'id_str': '929919020182179840', 'indices': [44, 59]}, {'screen_name': 'NCharalambakis', 'name': 'Naomi Charalambakis', 'id': 243033705, 'id_str': '243033705', 'indices': [60, 75]}, {'screen_name': 'Neubadah', 'name': 'Ubadah Sabbagh', 'id': 782655770047283206, 'id_str': '782655770047283206', 'indices': [76, 85]}, {'screen_name': 'RachanaDSomaiya', 'name': 'Rachana Deven Somaiya', 'id': 958769528967782402, 'id_str': '958769528967782402', 'indices': [86, 102]}, {'screen_name': 'monavarfeshani', 'name': 'Aboozar M', 'id': 712777461658849280, 'id_str': '712777461658849280', 'indices': [103, 118]}]",[],en,recent,709979651934961666,709979651934961666,Kevin Wright,kevinmawright,"Portland, OR","Assistant Professor at Vollum Institute, OHSU; Neuroscientist; Husband; Dad of two; tweets are my own opinion; he/him/his",https://t.co/K0ewTKEMSN,[],False,1042,768,4,Wed Mar 16 05:48:34 +0000 2016,3364,,,False,False,4738,,False,False,False,F5F8FA,,,False,http://pbs.twimg.com/profile_images/709980889032364032/79y2_g8L_normal.jpg,https://pbs.twimg.com/profile_images/709980889032364032/79y2_g8L_normal.jpg,1DA1F2,C0DEED,DDEEF6,333333,True,False,True,False,False,False,False,none,,,,,,,,,,,,https://pbs.twimg.com/profile_banners/709979651934961666/1572533654,"[{'url': 'https://t.co/K0ewTKEMSN', 'expanded_url': 'http://www.ohsu.edu/xd/research/centers-institutes/vollum/faculty/faculty-profile.cfm?facultyID=810', 'display_url': 'ohsu.edu/xd/research/ce‚Ä¶', 'indices': [0, 23]}]",,,,,,,,,,,,,,,,,,,,,,,,,,,,,,,,,,,,,,,,,,,,,,,,,,,,,,,,,,,,,,,,,,,,,,,,,,,,,,,,,,
133,Wed Jan 22 03:30:47 +0000 2020,1219824703222767616,1219824703222767616,"@michaelfoxlab @virginia_tech @FralinBiomed @williamguido14 @NCharalambakis @Neubadah @RachanaDSomaiya @monavarfeshani Congrats Mike, happy to see it out!",False,"[119, 154]","<a href=""http://twitter.com/download/android"" rel=""nofollow"">Twitter for Android</a>",1.2198057836191867e+18,1219805783619186688,3119451341.0,3119451341,michaelfoxlab,,,,False,0,3,False,False,en,[],[],"[{'screen_name': 'michaelfoxlab', 'name': 'Michael Fox', 'id': 3119451341, 'id_str': '3119451341', 'indices': [0, 14]}, {'screen_name': 'virginia_tech', 'name': 'Virginia Tech', 'id': 17416707, 'id_str': '17416707', 'indices': [15, 29]}, {'screen_name': 'FralinBiomed', 'name': 'Fralin Biomedical Research Institute', 'id': 142791151, 'id_str': '142791151', 'indices': [30, 43]}, {'screen_name': 'williamguido14', 'name': 'william guido', 'id': 929919020182179840, 'id_str': '929919020182179840', 'indices': [44, 59]}, {'screen_name': 'NCharalambakis', 'name': 'Naomi Charalambakis', 'id': 243033705, 'id_str': '243033705', 'indices': [60, 75]}, {'screen_name': 'Neubadah', 'name': 'Ubadah Sabbagh', 'id': 782655770047283206, 'id_str': '782655770047283206', 'indices': [76, 85]}, {'screen_name': 'RachanaDSomaiya', 'name': 'Rachana Deven Somaiya', 'id': 958769528967782402, 'id_str': '958769528967782402', 'indices': [86, 102]}, {'screen_name': 'monavarfeshani', 'name': 'Aboozar M', 'id': 712777461658849280, 'id_str': '712777461658849280', 'indices': [103, 118]}]",[],en,recent,4016201353,4016201353,Adema Ribic,AdemaRibic,"Charlottesville, VA","üáßüá¶ Neuroscientist, war child, Nak Muay and baker amateur",https://t.co/cvocZQKi4G,[],False,309,334,1,Sun Oct 25 18:44:20 +0000 2015,7352,,,True,False,2032,,False,False,False,000000,http://abs.twimg.com/images/themes/theme1/bg.png,https://abs.twimg.com/images/themes/theme1/bg.png,False,http://pbs.twimg.com/profile_images/1089252720836558850/a3rBGO02_normal.jpg,https://pbs.twimg.com/profile_images/1089252720836558850/a3rBGO02_normal.jpg,91D2FA,000000,000000,000000,False,True,False,False,False,False,False,none,,,,,,,,,,,,https://pbs.twimg.com/profile_banners/4016201353/1563146070,"[{'url': 'https://t.co/cvocZQKi4G', 'expanded_url': 'https://ribicneurolab.com/', 'display_url': 'ribicneurolab.com', 'indices': [0, 23]}]",,,,,,,,,,,,,,,,,,,,,,,,,,,,,,,,,,,,,,,,,,,,,,,,,,,,,,,,,,,,,,,,,,,,,,,,,,,,,,,,,,
134,Wed Jan 22 02:28:53 +0000 2020,1219809127280586752,1219809127280586752,@michaelfoxlab @virginia_tech @FralinBiomed @williamguido14 @NCharalambakis @Neubadah @RachanaDSomaiya @monavarfeshani Congratulations!,False,"[119, 135]","<a href=""http://twitter.com/download/iphone"" rel=""nofollow"">Twitter for iPhone</a>",1.2198057836191867e+18,1219805783619186688,3119451341.0,3119451341,michaelfoxlab,,,,False,0,3,False,False,en,[],[],"[{'screen_name': 'michaelfoxlab', 'name': 'Michael Fox', 'id': 3119451341, 'id_str': '3119451341', 'indices': [0, 14]}, {'screen_name': 'virginia_tech', 'name': 'Virginia Tech', 'id': 17416707, 'id_str': '17416707', 'indices': [15, 29]}, {'screen_name': 'FralinBiomed', 'name': 'Fralin Biomedical Research Institute', 'id': 142791151, 'id_str': '142791151', 'indices': [30, 43]}, {'screen_name': 'williamguido14', 'name': 'william guido', 'id': 929919020182179840, 'id_str': '929919020182179840', 'indices': [44, 59]}, {'screen_name': 'NCharalambakis', 'name': 'Naomi Charalambakis', 'id': 243033705, 'id_str': '243033705', 'indices': [60, 75]}, {'screen_name': 'Neubadah', 'name': 'Ubadah Sabbagh', 'id': 782655770047283206, 'id_str': '782655770047283206', 'indices': [76, 85]}, {'screen_name': 'RachanaDSomaiya', 'name': 'Rachana Deven Somaiya', 'id': 958769528967782402, 'id_str': '958769528967782402', 'indices': [86, 102]}, {'screen_name': 'monavarfeshani', 'name': 'Aboozar M', 'id': 712777461658849280, 'id_str': '712777461658849280', 'indices': [103, 118]}]",[],en,recent,1184884963486916608,1184884963486916608,Paras Patel,paras_a_patel,"Roanoke, VA","Neurobiology practitioner and advocate - PhD student at @FralinBiomed - co-host @LickofScience podcast - @City_of_Roanoke, VA native",,[],False,17,46,0,Thu Oct 17 17:32:51 +0000 2019,29,,,False,False,26,,False,False,False,F5F8FA,,,False,http://pbs.twimg.com/profile_images/1184928006185345025/e_BHGuGx_normal.jpg,https://pbs.twimg.com/profile_images/1184928006185345025/e_BHGuGx_normal.jpg,1DA1F2,C0DEED,DDEEF6,333333,True,True,True,False,False,False,False,none,,,,,,,,,,,,https://pbs.twimg.com/profile_banners/1184884963486916608/1571344071,,,,,,,,,,,,,,,,,,,,,,,,,,,,,,,,,,,,,,,,,,,,,,,,,,,,,,,,,,,,,,,,,,,,,,,,,,,,,,,,,,,
143,Tue Jan 21 18:47:48 +0000 2020,1219693092808396800,1219693092808396800,@poolesvillevet @virginia_tech @UMD_Vet_Med He's super engaged and photogenic! üí™üì∑,False,"[44, 81]","<a href=""http://twitter.com/download/android"" rel=""nofollow"">Twitter for Android</a>",1.2193818408234312e+18,1219381840823431169,592043191.0,592043191,poolesvillevet,,,,False,0,0,False,False,en,[],[],"[{'screen_name': 'poolesvillevet', 'name': 'Dr. Peter Eeg', 'id': 592043191, 'id_str': '592043191', 'indices': [0, 15]}, {'screen_name': 'virginia_tech', 'name': 'Virginia Tech', 'id': 17416707, 'id_str': '17416707', 'indices': [16, 30]}, {'screen_name': 'UMD_Vet_Med', 'name': 'UMD Vet Med', 'id': 961971866847072257, 'id_str': '961971866847072257', 'indices': [31, 43]}]",[],en,recent,23783446,23783446,Va-Md Vet Med,VaMdVetMed,"Blacksburg, VA","The Virginia-Maryland College of Veterinary Medicine is home to 700 DVM, MPH, and BMVS graduate students and is a leading biomedical & clinical research center.",http://t.co/GZAV21n0Nh,[],False,6184,821,125,Wed Mar 11 16:08:25 +0000 2009,2487,,,True,False,5782,,False,False,True,6F0021,http://abs.twimg.com/images/themes/theme1/bg.png,https://abs.twimg.com/images/themes/theme1/bg.png,True,http://pbs.twimg.com/profile_images/898187042986893313/WtkB1mI5_normal.jpg,https://pbs.twimg.com/profile_images/898187042986893313/WtkB1mI5_normal.jpg,6F0021,000000,F5F5F5,000000,True,False,False,False,False,False,False,none,,,,,,,,,,,,https://pbs.twimg.com/profile_banners/23783446/1566926596,"[{'url': 'http://t.co/GZAV21n0Nh', 'expanded_url': 'http://www.vetmed.vt.edu', 'display_url': 'vetmed.vt.edu', 'indices': [0, 22]}]",,,,,,,,,,,,,,,,,,,,,,,,,,,,,,,,,,,,,,,,,,,,,,,,,,,,,,,,,,,,,,,,,,,,,,,,,,,,,,,,,,
170,Mon Jan 20 07:31:24 +0000 2020,1219160483342610433,1219160483342610433,RT @sara_arub: We're not coming to take your guns away. We just want to live without fear from #GunViolence. That's why we #MarchForOurLive‚Ä¶,False,"[0, 140]","<a href=""http://twitter.com/download/android"" rel=""nofollow"">Twitter for Android</a>",,,,,,,,,False,16,0,False,False,en,"[{'text': 'GunViolence', 'indices': [95, 107]}]",[],"[{'screen_name': 'sara_arub', 'name': 'Sara Yaseen', 'id': 2844544905, 'id_str': '2844544905', 'indices': [3, 13]}]",[],en,recent,317609731,317609731,cindy h,cindyinchaos,"Seattle, WA",Only followed Twitter during football season--until Trump. #BlackLivesMatter #Women #MarchforScience #Resistance #MarchforourLives #ImpeachTrumpPenceBarr,,[],False,6850,7527,5,Wed Jun 15 05:50:15 +0000 2011,135197,,,True,False,73983,,False,False,False,C0DEED,http://abs.twimg.com/images/themes/theme1/bg.png,https://abs.twimg.com/images/themes/theme1/bg.png,False,http://pbs.twimg.com/profile_images/984174346498334720/ldpi6ocf_normal.jpg,https://pbs.twimg.com/profile_images/984174346498334720/ldpi6ocf_normal.jpg,1DA1F2,C0DEED,DDEEF6,333333,True,False,True,False,False,False,False,none,,,,,,,,,,,,,,Mon Jan 20 03:18:31 +0000 2020,1.2190968422705398e+18,1219096842270539777,We're not coming to take your guns away. We just want to live without fear from #GunViolence. That's why we #MarchForOurLives. #IStandWithVirginia because I will always remember what happened @virginia_tech. #GunSense #EndGunViolence,False,"[0, 233]","[{'text': 'GunViolence', 'indices': [80, 92]}, {'text': 'MarchForOurLives', 'indices': [108, 125]}, {'text': 'IStandWithVirginia', 'indices': [127, 146]}, {'text': 'GunSense', 'indices': [208, 217]}, {'text': 'EndGunViolence', 'indices': [218, 233]}]",[],"[{'screen_name': 'virginia_tech', 'name': 'Virginia Tech', 'id': 17416707, 'id_str': '17416707', 'indices': [192, 206]}]",[],en,recent,"<a href=""https://mobile.twitter.com"" rel=""nofollow"">Twitter Web App</a>",,,,,,2844544905.0,2844544905,Sara Yaseen,sara_arub,"Virginia, USA","At 20 years old, I graduated from @VCU. Alum: @Need2Impeach @vademocrats @ForOurFutureVA @EnvironmentVA. I plan on going to law school one day. #bluewave üåä üó≥",https://t.co/q22iwgX8tq,"[{'url': 'https://t.co/q22iwgX8tq', 'expanded_url': 'https://www.instagram.com/sara_arub/', 'display_url': 'instagram.com/sara_arub/', 'indices': [0, 23]}]",[],False,4359.0,4999.0,3.0,Sun Oct 26 01:48:35 +0000 2014,80427.0,,,True,False,56468.0,,False,False,False,000000,http://abs.twimg.com/images/themes/theme1/bg.png,https://abs.twimg.com/images/themes/theme1/bg.png,False,http://pbs.twimg.com/profile_images/894324889041203201/l1qc7UeY_normal.jpg,https://pbs.twimg.com/profile_images/894324889041203201/l1qc7UeY_normal.jpg,https://pbs.twimg.com/profile_banners/2844544905/1504673034,1B95E0,000000,000000,000000,False,True,False,False,False,False,False,none,,,,,,,,,,,,,,False,16.0,22.0,False,False,en,,
173,Mon Jan 20 03:19:00 +0000 2020,1219096965214035968,1219096965214035968,RT @sara_arub: We're not coming to take your guns away. We just want to live without fear from #GunViolence. That's why we #MarchForOurLive‚Ä¶,False,"[0, 140]","<a href=""https://mobile.twitter.com"" rel=""nofollow"">Twitter Web App</a>",,,,,,,,,False,16,0,False,False,en,"[{'text': 'GunViolence', 'indices': [95, 107]}]",[],"[{'screen_name': 'sara_arub', 'name': 'Sara Yaseen', 'id': 2844544905, 'id_str': '2844544905', 'indices': [3, 13]}]",[],en,recent,2844544905,2844544905,Sara Yaseen,sara_arub,"Virginia, USA","At 20 years old, I graduated from @VCU. Alum: @Need2Impeach @vademocrats @ForOurFutureVA @EnvironmentVA. I plan on going to law school one day. #bluewave üåä üó≥",https://t.co/q22iwgX8tq,[],False,4359,4999,3,Sun Oct 26 01:48:35 +0000 2014,80427,,,True,False,56468,,False,False,False,000000,http://abs.twimg.com/images/themes/theme1/bg.png,https://abs.twimg.com/images/themes/theme1/bg.png,False,http://pbs.twimg.com/profile_images/894324889041203201/l1qc7UeY_normal.jpg,https://pbs.twimg.com/profile_images/894324889041203201/l1qc7UeY_normal.jpg,1B95E0,000000,000000,000000,False,True,False,False,False,False,False,none,,,,,,,,,,,,https://pbs.twimg.com/profile_banners/2844544905/1504673034,"[{'url': 'https://t.co/q22iwgX8tq', 'expanded_url': 'https://www.instagram.com/sara_arub/', 'display_url': 'instagram.com/sara_arub/', 'indices': [0, 23]}]",Mon Jan 20 03:18:31 +0000 2020,1.2190968422705398e+18,1219096842270539777,We're not coming to take your guns away. We just want to live without fear from #GunViolence. That's why we #MarchForOurLives. #IStandWithVirginia because I will always remember what happened @virginia_tech. #GunSense #EndGunViolence,False,"[0, 233]","[{'text': 'GunViolence', 'indices': [80, 92]}, {'text': 'MarchForOurLives', 'indices': [108, 125]}, {'text': 'IStandWithVirginia', 'indices': [127, 146]}, {'text': 'GunSense', 'indices': [208, 217]}, {'text': 'EndGunViolence', 'indices': [218, 233]}]",[],"[{'screen_name': 'virginia_tech', 'name': 'Virginia Tech', 'id': 17416707, 'id_str': '17416707', 'indices': [192, 206]}]",[],en,recent,"<a href=""https://mobile.twitter.com"" rel=""nofollow"">Twitter Web App</a>",,,,,,2844544905.0,2844544905,Sara Yaseen,sara_arub,"Virginia, USA","At 20 years old, I graduated from @VCU. Alum: @Need2Impeach @vademocrats @ForOurFutureVA @EnvironmentVA. I plan on going to law school one day. #bluewave üåä üó≥",https://t.co/q22iwgX8tq,"[{'url': 'https://t.co/q22iwgX8tq', 'expanded_url': 'https://www.instagram.com/sara_arub/', 'display_url': 'instagram.com/sara_arub/', 'indices': [0, 23]}]",[],False,4359.0,4999.0,3.0,Sun Oct 26 01:48:35 +0000 2014,80427.0,,,True,False,56468.0,,False,False,False,000000,http://abs.twimg.com/images/themes/theme1/bg.png,https://abs.twimg.com/images/themes/theme1/bg.png,False,http://pbs.twimg.com/profile_images/894324889041203201/l1qc7UeY_normal.jpg,https://pbs.twimg.com/profile_images/894324889041203201/l1qc7UeY_normal.jpg,https://pbs.twimg.com/profile_banners/2844544905/1504673034,1B95E0,000000,000000,000000,False,True,False,False,False,False,False,none,,,,,,,,,,,,,,False,16.0,22.0,False,False,en,,
174,Mon Jan 20 03:18:31 +0000 2020,1219096842270539777,1219096842270539777,We're not coming to take your guns away. We just want to live without fear from #GunViolence. That's why we #MarchForOurLives. #IStandWithVirginia because I will always remember what happened @virginia_tech. #GunSense #EndGunViolence,False,"[0, 233]","<a href=""https://mobile.twitter.com"" rel=""nofollow"">Twitter Web App</a>",,,,,,,,,False,16,22,False,False,en,"[{'text': 'GunViolence', 'indices': [80, 92]}, {'text': 'MarchForOurLives', 'indices': [108, 125]}, {'text': 'IStandWithVirginia', 'indices': [127, 146]}, {'text': 'GunSense', 'indices': [208, 217]}, {'text': 'EndGunViolence', 'indices': [218, 233]}]",[],"[{'screen_name': 'virginia_tech', 'name': 'Virginia Tech', 'id': 17416707, 'id_str': '17416707', 'indices': [192, 206]}]",[],en,recent,2844544905,2844544905,Sara Yaseen,sara_arub,"Virginia, USA","At 20 years old, I graduated from @VCU. Alum: @Need2Impeach @vademocrats @ForOurFutureVA @EnvironmentVA. I plan on going to law school one day. #bluewave üåä üó≥",https://t.co/q22iwgX8tq,[],False,4359,4999,3,Sun Oct 26 01:48:35 +0000 2014,80427,,,True,False,56468,,False,False,False,000000,http://abs.twimg.com/images/themes/theme1/bg.png,https://abs.twimg.com/images/themes/theme1/bg.png,False,http://pbs.twimg.com/profile_images/894324889041203201/l1qc7UeY_normal.jpg,https://pbs.twimg.com/profile_images/894324889041203201/l1qc7UeY_normal.jpg,1B95E0,000000,000000,000000,False,True,False,False,False,False,False,none,,,,,,,,,,,,https://pbs.twimg.com/profile_banners/2844544905/1504673034,"[{'url': 'https://t.co/q22iwgX8tq', 'expanded_url': 'https://www.instagram.com/sara_arub/', 'display_url': 'instagram.com/sara_arub/', 'indices': [0, 23]}]",,,,,,,,,,,,,,,,,,,,,,,,,,,,,,,,,,,,,,,,,,,,,,,,,,,,,,,,,,,,,,,,,,,,,,,,,,,,,,,,,,
180,Sun Jan 19 21:05:58 +0000 2020,1219003087941242880,1219003087941242880,"@eship_prof @AnnabelleGawer @klakhani @nytimes @virginia_tech Dave, would you be willing to send me the syllabus you‚Äôre using once it‚Äôs finalized?",False,"[62, 146]","<a href=""http://twitter.com/download/iphone"" rel=""nofollow"">Twitter for iPhone</a>",1.2190025538259272e+18,1219002553825927169,214517011.0,214517011,eship_prof,,,,False,0,1,False,False,en,[],[],"[{'screen_name': 'eship_prof', 'name': 'David Townsend', 'id': 214517011, 'id_str': '214517011', 'indices': [0, 11]}, {'screen_name': 'AnnabelleGawer', 'name': 'Prof Annabelle Gawer', 'id': 376667616, 'id_str': '376667616', 'indices': [12, 27]}, {'screen_name': 'klakhani', 'name': 'Karim R. Lakhani', 'id': 11086372, 'id_str': '11086372', 'indices': [28, 37]}, {'screen_name': 'nytimes', 'name': 'The New York Times', 'id': 807095, 'id_str': '807095', 'indices': [38, 46]}, {'screen_name': 'virginia_tech', 'name': 'Virginia Tech', 'id': 17416707, 'id_str': '17416707', 'indices': [47, 61]}]",[],en,recent,256720659,256720659,Joseph Cabral,JosephJCabral,"Baton Rouge, LA",Assistant Professor @LSU interested in #startup-incumbent collaboration and #venturecapital. Proud @rpi @BryantUniv & @UConn alum. Why not change the world?,,[],False,386,275,86,Wed Feb 23 23:20:21 +0000 2011,3701,,,True,False,3521,,False,False,False,C0DEED,http://abs.twimg.com/images/themes/theme1/bg.png,https://abs.twimg.com/images/themes/theme1/bg.png,False,http://pbs.twimg.com/profile_images/923289530014117888/-bof9fH1_normal.jpg,https://pbs.twimg.com/profile_images/923289530014117888/-bof9fH1_normal.jpg,1DA1F2,C0DEED,DDEEF6,333333,True,False,True,False,False,False,False,none,,,,,,,,,,,,https://pbs.twimg.com/profile_banners/256720659/1508422561,,,,,,,,,,,,,,,,,,,,,,,,,,,,,,,,,,,,,,,,,,,,,,,,,,,,,,,,,,,,,,,,,,,,,,,,,,,,,,,,,,,
198,Sat Jan 18 18:37:09 +0000 2020,1218603248183074817,1218603248183074817,@Beyonce Queen I didn‚Äôt realize you were a fan of @virginia_tech,False,"[9, 64]","<a href=""http://twitter.com/download/iphone"" rel=""nofollow"">Twitter for iPhone</a>",1.2182617599596708e+18,1218261759959670784,31239408.0,31239408,Beyonce,,,,False,0,5,False,False,en,[],[],"[{'screen_name': 'Beyonce', 'name': 'BEYONC√â', 'id': 31239408, 'id_str': '31239408', 'indices': [0, 8]}, {'screen_name': 'virginia_tech', 'name': 'Virginia Tech', 'id': 17416707, 'id_str': '17416707', 'indices': [50, 64]}]",[],en,recent,428819744,428819744,Ali,VTAliTriumphant,"Blacksburg, VA","Love my #Hokies üèà ü¶É . BS ‚Äò07, MS ‚Äò09 and PhD ‚Äò17 from #VirginiaTech üéì. I live in #Blacksburg and love it here. I love user research, UCD, UX, & ethnography.",,[],False,679,2773,28,Mon Dec 05 06:42:29 +0000 2011,32053,,,True,False,49014,,False,False,False,709397,http://abs.twimg.com/images/themes/theme6/bg.gif,https://abs.twimg.com/images/themes/theme6/bg.gif,False,http://pbs.twimg.com/profile_images/1148037809720221696/-53S7ZmK_normal.jpg,https://pbs.twimg.com/profile_images/1148037809720221696/-53S7ZmK_normal.jpg,FF3300,86A4A6,A0C5C7,333333,True,False,False,False,False,False,False,none,,,,,,,,,,,,https://pbs.twimg.com/profile_banners/428819744/1506216121,,,,,,,,,,,,,,,,,,,,,,,,,,,,,,,,,,,,,,,,,,,,,,,,,,,,,,,,,,,,,,,,,,,,,,,,,,,,,,,,,,,
200,Sat Jan 18 18:07:32 +0000 2020,1218595793311092738,1218595793311092738,"@jojo_dominick @virginia_tech Yass. It was madness, but I just so happened to catch the presale not realizing it was even happening üòÇ and then I snagged the items I missed this am from FinishLine üôÉ",False,"[30, 197]","<a href=""http://twitter.com/download/iphone"" rel=""nofollow"">Twitter for iPhone</a>",1.218595371548586e+18,1218595371548585984,364556313.0,364556313,jojo_dominick,,,,False,0,0,False,False,en,[],[],"[{'screen_name': 'jojo_dominick', 'name': 'Jojo Dominick', 'id': 364556313, 'id_str': '364556313', 'indices': [0, 14]}, {'screen_name': 'virginia_tech', 'name': 'Virginia Tech', 'id': 17416707, 'id_str': '17416707', 'indices': [15, 29]}]",[],en,recent,431796668,431796668,Aspen Brown,colorado_aspen,,27. VT Alumni. Architecture.,,[],False,282,354,1,Thu Dec 08 18:05:38 +0000 2011,2560,,,True,False,3201,,False,False,False,EBEBEB,http://abs.twimg.com/images/themes/theme7/bg.gif,https://abs.twimg.com/images/themes/theme7/bg.gif,False,http://pbs.twimg.com/profile_images/1171087090706239488/YQ_QAxMX_normal.jpg,https://pbs.twimg.com/profile_images/1171087090706239488/YQ_QAxMX_normal.jpg,990000,DFDFDF,F3F3F3,333333,True,False,False,False,False,False,False,none,,,,,,,,,,,,https://pbs.twimg.com/profile_banners/431796668/1414981116,,,,,,,,,,,,,,,,,,,,,,,,,,,,,,,,,,,,,,,,,,,,,,,,,,,,,,,,,,,,,,,,,,,,,,,,,,,,,,,,,,,
201,Sat Jan 18 18:05:51 +0000 2020,1218595371548585984,1218595371548585984,@colorado_aspen @virginia_tech Did you order!?,False,"[31, 46]","<a href=""http://twitter.com/download/iphone"" rel=""nofollow"">Twitter for iPhone</a>",1.218594662346363e+18,1218594662346362880,431796668.0,431796668,colorado_aspen,,,,False,0,0,False,False,en,[],[],"[{'screen_name': 'colorado_aspen', 'name': 'Aspen Brown', 'id': 431796668, 'id_str': '431796668', 'indices': [0, 15]}, {'screen_name': 'virginia_tech', 'name': 'Virginia Tech', 'id': 17416707, 'id_str': '17416707', 'indices': [16, 30]}]",[],en,recent,364556313,364556313,Jojo Dominick,jojo_dominick,,WWJD. Fearless Photojournalist @uofmaryland M.A. Broadcast Journalism @merrillcollege 17 @virginia_tech 15 T&FüëüAlumüìΩüì∏even won a EmmyüåçTraveler 26 countries,https://t.co/DgZ0LE82Ma,[],False,920,785,6,Mon Aug 29 23:35:44 +0000 2011,16590,,,True,False,46918,,False,False,False,ACDED6,http://abs.twimg.com/images/themes/theme18/bg.gif,https://abs.twimg.com/images/themes/theme18/bg.gif,True,http://pbs.twimg.com/profile_images/1130570961353420800/DVSkOEDz_normal.jpg,https://pbs.twimg.com/profile_images/1130570961353420800/DVSkOEDz_normal.jpg,038543,000000,F6F6F6,333333,True,False,False,False,False,False,False,none,,,,,,,,,,,,https://pbs.twimg.com/profile_banners/364556313/1506221961,"[{'url': 'https://t.co/DgZ0LE82Ma', 'expanded_url': 'http://www.johnnaproductions.com', 'display_url': 'johnnaproductions.com', 'indices': [0, 23]}]",,,,,,,,,,,,,,,,,,,,,,,,,,,,,,,,,,,,,,,,,,,,,,,,,,,,,,,,,,,,,,,,,,,,,,,,,,,,,,,,,,
202,Sat Jan 18 18:03:02 +0000 2020,1218594662346362880,1218594662346362880,@jojo_dominick @virginia_tech I couldn‚Äôt resist üòç,False,"[30, 49]","<a href=""http://twitter.com/download/iphone"" rel=""nofollow"">Twitter for iPhone</a>",1.2183759492023583e+18,1218375949202358272,364556313.0,364556313,jojo_dominick,,,,False,0,0,False,False,en,[],[],"[{'screen_name': 'jojo_dominick', 'name': 'Jojo Dominick', 'id': 364556313, 'id_str': '364556313', 'indices': [0, 14]}, {'screen_name': 'virginia_tech', 'name': 'Virginia Tech', 'id': 17416707, 'id_str': '17416707', 'indices': [15, 29]}]",[],en,recent,431796668,431796668,Aspen Brown,colorado_aspen,,27. VT Alumni. Architecture.,,[],False,282,354,1,Thu Dec 08 18:05:38 +0000 2011,2560,,,True,False,3201,,False,False,False,EBEBEB,http://abs.twimg.com/images/themes/theme7/bg.gif,https://abs.twimg.com/images/themes/theme7/bg.gif,False,http://pbs.twimg.com/profile_images/1171087090706239488/YQ_QAxMX_normal.jpg,https://pbs.twimg.com/profile_images/1171087090706239488/YQ_QAxMX_normal.jpg,990000,DFDFDF,F3F3F3,333333,True,False,False,False,False,False,False,none,,,,,,,,,,,,https://pbs.twimg.com/profile_banners/431796668/1414981116,,,,,,,,,,,,,,,,,,,,,,,,,,,,,,,,,,,,,,,,,,,,,,,,,,,,,,,,,,,,,,,,,,,,,,,,,,,,,,,,,,,
205,Sat Jan 18 13:38:24 +0000 2020,1218528064910422016,1218528064910422016,"@ubdbuzz @virginia_tech @USEmbassyBSB Special Thanks to Drs. Daphne, Liya, and Ulmar for being part of such a great team!",False,"[38, 121]","<a href=""https://mobile.twitter.com"" rel=""nofollow"">Twitter Web App</a>",1.2185276536211988e+18,1218527653621198848,2491852765.0,2491852765,UBDVTLab,,,,False,0,2,False,False,en,[],[],"[{'screen_name': 'ubdbuzz', 'name': 'UBD', 'id': 114629821, 'id_str': '114629821', 'indices': [0, 8]}, {'screen_name': 'virginia_tech', 'name': 'Virginia Tech', 'id': 17416707, 'id_str': '17416707', 'indices': [9, 23]}, {'screen_name': 'USEmbassyBSB', 'name': 'U.S. Embassy BSB', 'id': 2435051258, 'id_str': '2435051258', 'indices': [24, 37]}]",[],en,recent,2491852765,2491852765,UBD-VT Lab,UBDVTLab,Brunei & Virginia,International Laboratory dedicated to the study of #bat #biosonar from an #engineering perspective. Building bioinspired bat #robots. #scicom sandbox,,[],False,2889,4071,25,Mon May 12 19:00:20 +0000 2014,468,,,True,False,12402,,False,False,False,680001,http://abs.twimg.com/images/themes/theme1/bg.png,https://abs.twimg.com/images/themes/theme1/bg.png,False,http://pbs.twimg.com/profile_images/1215853205147439105/yg6Rc-S6_normal.jpg,https://pbs.twimg.com/profile_images/1215853205147439105/yg6Rc-S6_normal.jpg,89C9FA,FFFFFF,DDEEF6,333333,True,False,False,False,False,False,False,none,,,,,,,,,,,,https://pbs.twimg.com/profile_banners/2491852765/1578717205,,,,,,,,,,,,,,,,,,,,,,,,,,,,,,,,,,,,,,,,,,,,,,,,,,,,,,,,,,,,,,,,,,,,,,,,,,,,,,,,,,,
